Record Type,ORI,Agency Name,Incident Number,Incident Date,Data Source,Report Date Indicator,Incident Hour,Cleared Exceptionally,CT Offense #1,CT Location #1,CT Offense #2,CT Location #2,CT Offense #3,CT Location #3,CT Offense #4,CT Location #4,CT Offense #5,CT Location #5,CT Offense #6,CT Location #6,CT Offense #7,CT Location #7,CT Offense #8,CT Location #8,CT Offense #9,CT Location #9,CT Offense #10,CT Location #10,Wpn Type #1,Wpn Auto #1,Wpn Type #2,Wpn Auto #2,Wpn Type #3,Wpn Auto #3,Victim Type #1,Victim Type #2,Victim Type #3,Victim Type #4,Victim Type #5,Victim Type #6,Victim Type #7,Victim Type #8,Victim Type #9,Stolen Prop Desc #1,Value of Stolen Prop #1,Prop Rec Date #1,Prop Rec Value #1,Stolen Prop Desc #2,Value of Stolen Prop #2,Prop Rec Date #2,Prop Rec Value #2,Stolen Prop Desc #3,Value of Stolen Prop #3,Prop Rec Date #3,Prop Rec Value #3,Stolen Prop Desc #4,Value of Stolen Prop #4,Prop Rec Date #4,Prop Rec Value #4,Stolen Prop Desc #5,Value of Stolen Prop #5,Prop Rec Date #5,Prop Rec Value #5,Stolen Prop Desc #6,Value of Stolen Prop #6,Prop Rec Date #6,Prop Rec Value #6,Stolen Prop Desc #7,Value of Stolen Prop #7,Prop Rec Date #7,Prop Rec Value #7,Stolen Prop Desc #8,Value of Stolen Prop #8,Prop Rec Date #8,Prop Rec Value #8,Stolen Prop Desc #9,Value of Stolen Prop #9,Prop Rec Date #9,Prop Rec Value #9,Stolen Prop Desc #10,Value of Stolen Prop #10,Prop Rec Date #10,Prop Rec Value #10,Unknown Offender Indicator,Offender Count,Age of Offender #1,Sex of Offender #1,Race of Offender #1,Ethnicity of Offender #1,Age of Offender #2,Sex of Offender #2,Race of Offender #2,Ethnicity of Offender #2,Age of Offender #3,Sex of Offender #3,Race of Offender #3,Ethnicity of Offender #3,Age of Offender #4,Sex of Offender #4,Race of Offender #4,Ethnicity of Offender #4,Age of Offender #5,Sex of Offender #5,Race of Offender #5,Ethnicity of Offender #5,Arrestee Count,Age of Arrestee #1,Sex of Arrestee #1,Race of Arrestee #1,Ethnicity of Arrestee #1,Age of Arrestee #2,Sex of Arrestee #2,Race of Arrestee #2,Ethnicity of Arrestee #2,Age of Arrestee #3,Sex of Arrestee #3,Race of Arrestee #3,Ethnicity of Arrestee #3,Age of Arrestee #4,Sex of Arrestee #4,Race of Arrestee #4,Ethnicity of Arrestee #4,Age of Arrestee #5,Sex of Arrestee #5,Race of Arrestee #5,Ethnicity of Arrestee #5
IR,DE0020600,WILMINGTON,3013023809,20130412,N,R,08,,23D,19,,,,,,,,,,,,,,,,,,,,,,,,,I,,,,,,,,,16,2040,00000000,0,38,4000,00000000,0,43,6300,00000000,0,,0,00000000,0,,0,00000000,0,,0,00000000,0,,0,00000000,0,,0,00000000,0,,0,00000000,0,,0,00000000,0,,1,39,M,B,,,,,,,,,,,,,,,,,,0,,,,,,,,,,,,,,,,,,,,
IR,DE303SP00,SP: SUSSEX C,0413057066,20131003,N,R,14,,23F,12,,,,,,,,,,,,,,,,,,,,,,,,,B,,,,,,,,,08,74,00000000,0,,0,00000000,0,,0,00000000,0,,0,00000000,0,,0,00000000,0,,0,00000000,0,,0,00000000,0,,0,00000000,0,,0,00000000,0,,0,00000000,0,00,0,,,,,,,,,,,,,,,,,,,,,0,,,,,,,,,,,,,,,,,,,,
IR,IN0410300,GREENWOOD,G13L24164,20131110,H,,,,23F,18,,,,,,,,,,,,,,,,,,,,,,,,,B,,,,,,,,,08,500,00000000,0,,0,00000000,0,,0,00000000,0,,0,00000000,0,,0,00000000,0,,0,00000000,0,,0,00000000,0,,0,00000000,0,,0,00000000,0,,0,00000000,0,00,0,0,,,,0,,,,0,,,,0,,,,0,,,,0,0,,,,0,,,,0,,,,0,,,,0,,,
IR,IN0410300,GREENWOOD,G13L22797,20131022,H,,0,,23F,,,,,,,,,,,,,,,,,,,,,,,B,,,,,,,,,8,200,0,0,0,0,0,,0,0,0,,0,0,0,,0,0,0,,0,0,0,,0,0,0,,0,0,0,,0,0,0,,0,0,0,0,0,0,,,,0,,,,0,,,,0,,,,0,,,,0,0,,,,0,,,,0,,,,0,,,,0,,,,,,,
IR,ME0030600,SOUTH PORTLA,0213001478,20130219,N,,08,,23F,18,,,,,,,,,,,,,,,,,,,,,,,,,B,,,,,,,,,08,300,20130219,300,,0,00000000,0,,0,00000000,0,,0,00000000,0,,0,00000000,0,,0,00000000,0,,0,00000000,0,,0,00000000,0,,0,00000000,0,,0,00000000,0,,1,46,M,W,,,,,,,,,,,,,,,,,,1,46,M,W,N,,,,,,,,,,,,,,,,
IR,MI1124900,BENTON TOWNS,130013010182,20131028,N,,07,,240,23,,,,,,,,,,,,,,,,,,,,,,,,,B,,,,,,,,,24,1,20131111,1,,0,00000000,0,,0,00000000,0,,0,00000000,0,,0,00000000,0,,0,00000000,0,,0,00000000,0,,0,00000000,0,,0,00000000,0,,0,00000000,0,00,0,,,,,,,,,,,,,,,,,,,,,0,,,,,,,,,,,,,,,,,,,,
IR,MI2532100,CLIO,130000000296,20130914,N,,01,,23F,18,,,,,,,,,,,,,,,,,,,,,,,,,B,,,,,,,,,08,850,00000000,0,,0,00000000,0,,0,00000000,0,,0,00000000,0,,0,00000000,0,,0,00000000,0,,0,00000000,0,,0,00000000,0,,0,00000000,0,,0,00000000,0,00,0,,,,,,,,,,,,,,,,,,,,,0,,,,,,,,,,,,,,,,,,,,
IR,MI3053600,LITCHFIELD,130000000245,20130211,N,R,09,,23H,48,,,,,,,,,,,,,,,,,,,,,,,,,B,,,,,,,,,19,30000,00000000,0,,0,00000000,0,,0,00000000,0,,0,00000000,0,,0,00000000,0,,0,00000000,0,,0,00000000,0,,0,00000000,0,,0,00000000,0,,0,00000000,0,00,0,,,,,,,,,,,,,,,,,,,,,0,,,,,,,,,,,,,,,,,,,,
IR,MI3713700,ISABELLA,130001302257,20130917,N,R,14,,23D,25,,,,,,,,,,,,,,,,,,,,,,,,,I,,,,,,,,,70,150,00000000,0,,0,00000000,0,,0,00000000,0,,0,00000000,0,,0,00000000,0,,0,00000000,0,,0,00000000,0,,0,00000000,0,,0,00000000,0,,0,00000000,0,00,0,,,,,,,,,,,,,,,,,,,,,0,,,,,,,,,,,,,,,,,,,,
IR,MI3889000,BLACKMAN TOW,131300012796,20130816,N,,14,,23F,51,,,,,,,,,,,,,,,,,,,,,,,,,B,,,,,,,,,77,200,00000000,0,,0,00000000,0,,0,00000000,0,,0,00000000,0,,0,00000000,0,,0,00000000,0,,0,00000000,0,,0,00000000,0,,0,00000000,0,,0,00000000,0,00,0,,,,,,,,,,,,,,,,,,,,,0,,,,,,,,,,,,,,,,,,,,
IR,MI4185000,KENTWOOD,131300009516,20130616,N,,01,,240,18,,,,,,,,,,,,,,,,,,,,,,,,,B,,,,,,,,,03,25000,00000000,0,78,20000,00000000,0,08,20000,00000000,0,,0,00000000,0,,0,00000000,0,,0,00000000,0,,0,00000000,0,,0,00000000,0,,0,00000000,0,,0,00000000,0,,1,50,M,W,,,,,,,,,,,,,,,,,,0,,,,,,,,,,,,,,,,,,,,
IR,MI5030300,CENTER LINE,130130002444,20130424,N,,09,,23F,18,,,,,,,,,,,,,,,,,,,,,,,,,B,,,,,,,,,38,1,00000000,0,,0,00000000,0,,0,00000000,0,,0,00000000,0,,0,00000000,0,,0,00000000,0,,0,00000000,0,,0,00000000,0,,0,00000000,0,,0,00000000,0,00,0,,,,,,,,,,,,,,,,,,,,,0,,,,,,,,,,,,,,,,,,,,
IR,MI5074000,SHELBY TOWNS,130130034220,20131102,N,,13,,23H,05,,,,,,,,,,,,,,,,,,,,,,,,,B,,,,,,,,,59,100,00000000,0,,0,00000000,0,,0,00000000,0,,0,00000000,0,,0,00000000,0,,0,00000000,0,,0,00000000,0,,0,00000000,0,,0,00000000,0,,0,00000000,0,00,0,,,,,,,,,,,,,,,,,,,,,0,,,,,,,,,,,,,,,,,,,,
IR,MI5074000,SHELBY TOWNS,130130021522,20130703,N,,09,,240,18,,,,,,,,,,,,,,,,,,,,,,,,,B,,,,,,,,,03,1,20130703,1,78,1,20130703,1,19,1,00000000,0,,0,00000000,0,,0,00000000,0,,0,00000000,0,,0,00000000,0,,0,00000000,0,,0,00000000,0,,0,00000000,0,00,0,,,,,,,,,,,,,,,,,,,,,0,,,,,,,,,,,,,,,,,,,,
IR,MI5074000,SHELBY TOWNS,130130014435,20130501,N,,17,,240,18,,,,,,,,,,,,,,,,,,,,,,,,,B,,,,,,,,,37,30000,20130502,30000,78,30000,20130502,30000,,0,00000000,0,,0,00000000,0,,0,00000000,0,,0,00000000,0,,0,00000000,0,,0,00000000,0,,0,00000000,0,,0,00000000,0,,1,40,M,B,,,,,,,,,,,,,,,,,,0,,,,,,,,,,,,,,,,,,,,
IR,MI5074000,SHELBY TOWNS,130130017327,20130528,N,,06,,240,18,,,,,,,,,,,,,,,,,,,,,,,,,I,,,,,,,,,37,38000,00000000,0,08,100000,00000000,0,78,6000,00000000,0,,0,00000000,0,,0,00000000,0,,0,00000000,0,,0,00000000,0,,0,00000000,0,,0,00000000,0,,0,00000000,0,00,0,,,,,,,,,,,,,,,,,,,,,0,,,,,,,,,,,,,,,,,,,,
IR,MI5074000,SHELBY TOWNS,130130008541,20130312,N,,20,,240,13,,,,,,,,,,,,,,,,,,,,,,,,,B,,,,,,,,,03,1,20130314,1,,0,00000000,0,,0,00000000,0,,0,00000000,0,,0,00000000,0,,0,00000000,0,,0,00000000,0,,0,00000000,0,,0,00000000,0,,0,00000000,0,00,0,,,,,,,,,,,,,,,,,,,,,0,,,,,,,,,,,,,,,,,,,,
IR,MI5076500,STERLING HEI,131300006556,20130103,N,,12,,23H,02,,,,,,,,,,,,,,,,,,,,,,,,,B,,,,,,,,,20,2000,00000000,0,,0,00000000,0,,0,00000000,0,,0,00000000,0,,0,00000000,0,,0,00000000,0,,0,00000000,0,,0,00000000,0,,0,00000000,0,,0,00000000,0,00,0,,,,,,,,,,,,,,,,,,,,,0,,,,,,,,,,,,,,,,,,,,
IR,MI5080600,WARREN,130130054962,20130812,N,,08,,23H,25,,,,,,,,,,,,,,,,,,,,,,,,,I,,,,,,,,,16,175,00000000,0,,0,00000000,0,,0,00000000,0,,0,00000000,0,,0,00000000,0,,0,00000000,0,,0,00000000,0,,0,00000000,0,,0,00000000,0,,0,00000000,0,00,0,,,,,,,,,,,,,,,,,,,,,0,,,,,,,,,,,,,,,,,,,,
IR,MI5080600,WARREN,130130063961,20131024,N,,09,,240,18,,,,,,,,,,,,,,,,,,,,,,,,,B,,,,,,,,,03,1,20131122,1,15,1,00000000,0,77,1,00000000,0,19,1,00000000,0,,0,00000000,0,,0,00000000,0,,0,00000000,0,,0,00000000,0,,0,00000000,0,,0,00000000,0,00,0,,,,,,,,,,,,,,,,,,,,,0,,,,,,,,,,,,,,,,,,,,
IR,MI5080600,WARREN,130130004209,20130121,N,,23,,23F,13,,,,,,,,,,,,,,,,,,,,,,,,,I,,,,,,,,,43,600,00000000,0,38,200,00000000,0,,0,00000000,0,,0,00000000,0,,0,00000000,0,,0,00000000,0,,0,00000000,0,,0,00000000,0,,0,00000000,0,,0,00000000,0,00,0,,,,,,,,,,,,,,,,,,,,,0,,,,,,,,,,,,,,,,,,,,
IR,MI5080600,WARREN,130130051391,20130825,N,,00,,23H,05,,,,,,,,,,,,,,,,,,,,,,,,,I,,,,,,,,,08,40000,00000000,0,,0,00000000,0,,0,00000000,0,,0,00000000,0,,0,00000000,0,,0,00000000,0,,0,00000000,0,,0,00000000,0,,0,00000000,0,,0,00000000,0,00,0,,,,,,,,,,,,,,,,,,,,,0,,,,,,,,,,,,,,,,,,,,
IR,MI5080600,WARREN,130130038879,20130702,N,,12,,120,07,,,,,,,,,,,,,,,,,,,12,,,,,,I,B,,,,,,,,03,26000,00000000,0,20,4151,20130702,4151,19,1,00000000,0,,0,00000000,0,,0,00000000,0,,0,00000000,0,,0,00000000,0,,0,00000000,0,,0,00000000,0,,0,00000000,0,00,0,,,,,,,,,,,,,,,,,,,,,0,,,,,,,,,,,,,,,,,,,,
IR,MI5080600,WARREN,130130029542,20130524,N,,06,,23H,13,290,13,,,,,,,,,,,,,,,,,,,,,,,B,,,,,,,,,08,1404,00000000,0,,0,00000000,0,,0,00000000,0,,0,00000000,0,,0,00000000,0,,0,00000000,0,,0,00000000,0,,0,00000000,0,,0,00000000,0,,0,00000000,0,00,0,,,,,,,,,,,,,,,,,,,,,0,,,,,,,,,,,,,,,,,,,,
IR,MI5080600,WARREN,130130037107,20130625,N,,06,,23H,18,,,,,,,,,,,,,,,,,,,,,,,,,B,,,,,,,,,08,300,00000000,0,,0,00000000,0,,0,00000000,0,,0,00000000,0,,0,00000000,0,,0,00000000,0,,0,00000000,0,,0,00000000,0,,0,00000000,0,,0,00000000,0,00,0,,,,,,,,,,,,,,,,,,,,,0,,,,,,,,,,,,,,,,,,,,
IR,MI5080600,WARREN,130130031126,20130531,N,,04,,23H,13,,,,,,,,,,,,,,,,,,,,,,,,,B,,,,,,,,,08,1152,00000000,0,,0,00000000,0,,0,00000000,0,,0,00000000,0,,0,00000000,0,,0,00000000,0,,0,00000000,0,,0,00000000,0,,0,00000000,0,,0,00000000,0,00,0,,,,,,,,,,,,,,,,,,,,,0,,,,,,,,,,,,,,,,,,,,
IR,MI5080600,WARREN,130130033488,20130610,N,,04,,23H,13,,,,,,,,,,,,,,,,,,,,,,,,,B,,,,,,,,,08,1000,00000000,0,,0,00000000,0,,0,00000000,0,,0,00000000,0,,0,00000000,0,,0,00000000,0,,0,00000000,0,,0,00000000,0,,0,00000000,0,,0,00000000,0,00,0,,,,,,,,,,,,,,,,,,,,,0,,,,,,,,,,,,,,,,,,,,
IR,MI5815800,MONROE,130000022593,20130915,N,,04,,23F,18,,,,,,,,,,,,,,,,,,,,,,,,,B,,,,,,,,,08,1000,00000000,0,,0,00000000,0,,0,00000000,0,,0,00000000,0,,0,00000000,0,,0,00000000,0,,0,00000000,0,,0,00000000,0,,0,00000000,0,,0,00000000,0,00,0,,,,,,,,,,,,,,,,,,,,,0,,,,,,,,,,,,,,,,,,,,
IR,MI5815800,MONROE,130000022853,20130918,N,,08,,23F,18,,,,,,,,,,,,,,,,,,,,,,,,,I,,,,,,,,,08,5000,00000000,0,,0,00000000,0,,0,00000000,0,,0,00000000,0,,0,00000000,0,,0,00000000,0,,0,00000000,0,,0,00000000,0,,0,00000000,0,,0,00000000,0,00,0,,,,,,,,,,,,,,,,,,,,,0,,,,,,,,,,,,,,,,,,,,
IR,MI5815800,MONROE,130000025273,20131015,N,,08,,23F,51,,,,,,,,,,,,,,,,,,,,,,,,,I,,,,,,,,,08,10,00000000,0,,0,00000000,0,,0,00000000,0,,0,00000000,0,,0,00000000,0,,0,00000000,0,,0,00000000,0,,0,00000000,0,,0,00000000,0,,0,00000000,0,,1,00,U,U,,,,,,,,,,,,,,,,,,0,,,,,,,,,,,,,,,,,,,,
IR,MI5815800,MONROE,130000025266,20131015,N,,06,,23H,18,,,,,,,,,,,,,,,,,,,,,,,,,I,,,,,,,,,08,3000,00000000,0,,0,00000000,0,,0,00000000,0,,0,00000000,0,,0,00000000,0,,0,00000000,0,,0,00000000,0,,0,00000000,0,,0,00000000,0,,0,00000000,0,00,0,,,,,,,,,,,,,,,,,,,,,0,,,,,,,,,,,,,,,,,,,,
IR,MI5815800,MONROE,130000024707,20131009,N,,06,,23F,51,,,,,,,,,,,,,,,,,,,,,,,,,B,,,,,,,,,08,250,00000000,0,,0,00000000,0,,0,00000000,0,,0,00000000,0,,0,00000000,0,,0,00000000,0,,0,00000000,0,,0,00000000,0,,0,00000000,0,,0,00000000,0,00,0,,,,,,,,,,,,,,,,,,,,,0,,,,,,,,,,,,,,,,,,,,
IR,MI6331600,CLAWSON,130130003530,20130823,N,,11,,120,13,,,,,,,,,,,,,,,,,,,12,,,,,,I,B,,,,,,,,03,1,20130823,1,,0,00000000,0,,0,00000000,0,,0,00000000,0,,0,00000000,0,,0,00000000,0,,0,00000000,0,,0,00000000,0,,0,00000000,0,,0,00000000,0,,1,30,M,B,,,,,,,,,,,,,,,,,,0,,,,,,,,,,,,,,,,,,,,
IR,MI6362800,OAK PARK,130130013767,20131002,N,,09,,23H,25,,,,,,,,,,,,,,,,,,,,,,,,,B,,,,,,,,,19,549,00000000,0,,0,00000000,0,,0,00000000,0,,0,00000000,0,,0,00000000,0,,0,00000000,0,,0,00000000,0,,0,00000000,0,,0,00000000,0,,0,00000000,0,00,0,,,,,,,,,,,,,,,,,,,,,0,,,,,,,,,,,,,,,,,,,,
IR,MI7235500,DENTON TOWNS,130000131953,20131205,N,,11,,23H,25,,,,,,,,,,,,,,,,,,,,,,,,,I,,,,,,,,,77,87,00000000,0,,0,00000000,0,,0,00000000,0,,0,00000000,0,,0,00000000,0,,0,00000000,0,,0,00000000,0,,0,00000000,0,,0,00000000,0,,0,00000000,0,00,0,,,,,,,,,,,,,,,,,,,,,0,,,,,,,,,,,,,,,,,,,,
IR,MI8118100,WASHTENAW,130130010692,20130212,N,,19,,23H,20,,,,,,,,,,,,,,,,,,,,,,,,,I,,,,,,,,,59,175,00000000,0,,0,00000000,0,,0,00000000,0,,0,00000000,0,,0,00000000,0,,0,00000000,0,,0,00000000,0,,0,00000000,0,,0,00000000,0,,0,00000000,0,00,0,,,,,,,,,,,,,,,,,,,,,0,,,,,,,,,,,,,,,,,,,,
IR,MI8234400,DEARBORN HEI,130130008312,20130514,N,,10,,120,09,280,13,35A,13,,,,,,,,,,,,,,,12,,,,,,I,B,S,,,,,,,10,3,00000000,0,34,1,00000000,0,,0,00000000,0,,0,00000000,0,,0,00000000,0,,0,00000000,0,,0,00000000,0,,0,00000000,0,,0,00000000,0,,0,00000000,0,,3,35,M,B,,00,U,U,,00,U,U,,,,,,,,,,1,35,M,B,,,,,,,,,,,,,,,,,
IR,MI8245300,HAMTRAMCK,130130003602,20130417,N,,15,,120,13,,,,,,,,,,,,,,,,,,,40,,,,,,I,,,,,,,,,26,1,00000000,0,,0,00000000,0,,0,00000000,0,,0,00000000,0,,0,00000000,0,,0,00000000,0,,0,00000000,0,,0,00000000,0,,0,00000000,0,,0,00000000,0,,2,00,U,U,,00,U,U,,,,,,,,,,,,,,0,,,,,,,,,,,,,,,,,,,,
IR,MI8247100,HIGHLAND PAR,130000000695,20130403,N,R,07,,23H,13,,,,,,,,,,,,,,,,,,,,,,,,,B,,,,,,,,,19,826,00000000,0,,0,00000000,0,,0,00000000,0,,0,00000000,0,,0,00000000,0,,0,00000000,0,,0,00000000,0,,0,00000000,0,,0,00000000,0,,0,00000000,0,,1,00,U,U,,,,,,,,,,,,,,,,,,0,,,,,,,,,,,,,,,,,,,,
IR,MI8253800,LIVONIA,130130019019,20130723,N,,17,,270,13,520,13,,,,,,,,,,,,,,,,,11,A,,,,,B,S,,,,,,,,20,49000,20130727,49000,,0,00000000,0,,0,00000000,0,,0,00000000,0,,0,00000000,0,,0,00000000,0,,0,00000000,0,,0,00000000,0,,0,00000000,0,,0,00000000,0,,1,29,M,W,,31,M,W,,30,M,W,,,,,,,,,,0,29,M,W,,31,M,W,,30,M,W,,,,,,,,,
IR,MI8270900,ROMULUS,130001303084,20130727,N,R,18,,23H,18,,,,,,,,,,,,,,,,,,,,,,,,,I,,,,,,,,,08,1000,00000000,0,,0,00000000,0,,0,00000000,0,,0,00000000,0,,0,00000000,0,,0,00000000,0,,0,00000000,0,,0,00000000,0,,0,00000000,0,,0,00000000,0,00,0,,,,,,,,,,,,,,,,,,,,,0,,,,,,,,,,,,,,,,,,,,
IR,MI8270900,ROMULUS,130001303301,20130811,N,R,17,,23D,05,,,,,,,,,,,,,,,,,,,,,,,,,B,,,,,,,,,26,1500,00000000,0,,0,00000000,0,,0,00000000,0,,0,00000000,0,,0,00000000,0,,0,00000000,0,,0,00000000,0,,0,00000000,0,,0,00000000,0,,0,00000000,0,00,0,,,,,,,,,,,,,,,,,,,,,0,,,,,,,,,,,,,,,,,,,,
IR,MI8270900,ROMULUS,130001304935,20131123,N,R,21,,23H,05,,,,,,,,,,,,,,,,,,,,,,,,,B,,,,,,,,,36,650,00000000,0,,0,00000000,0,,0,00000000,0,,0,00000000,0,,0,00000000,0,,0,00000000,0,,0,00000000,0,,0,00000000,0,,0,00000000,0,,0,00000000,0,00,0,,,,,,,,,,,,,,,,,,,,,0,,,,,,,,,,,,,,,,,,,,
IR,MI8270900,ROMULUS,130001305134,20131206,N,R,02,,23F,18,,,,,,,,,,,,,,,,,,,,,,,,,B,,,,,,,,,26,1000,00000000,0,,0,00000000,0,,0,00000000,0,,0,00000000,0,,0,00000000,0,,0,00000000,0,,0,00000000,0,,0,00000000,0,,0,00000000,0,,0,00000000,0,00,0,,,,,,,,,,,,,,,,,,,,,0,,,,,,,,,,,,,,,,,,,,
IR,MI8270900,ROMULUS,130001305277,20131214,N,R,09,,23H,45,,,,,,,,,,,,,,,,,,,,,,,,,B,,,,,,,,,77,20000,00000000,0,,0,00000000,0,,0,00000000,0,,0,00000000,0,,0,00000000,0,,0,00000000,0,,0,00000000,0,,0,00000000,0,,0,00000000,0,,0,00000000,0,00,0,,,,,,,,,,,,,,,,,,,,,0,,,,,,,,,,,,,,,,,,,,
IR,MI8270900,ROMULUS,130001301787,20130426,N,R,18,,23H,18,,,,,,,,,,,,,,,,,,,,,,,,,B,,,,,,,,,77,30000,00000000,0,,0,00000000,0,,0,00000000,0,,0,00000000,0,,0,00000000,0,,0,00000000,0,,0,00000000,0,,0,00000000,0,,0,00000000,0,,0,00000000,0,00,0,,,,,,,,,,,,,,,,,,,,,0,,,,,,,,,,,,,,,,,,,,
IR,MI8270900,ROMULUS,130001302453,20130614,N,R,05,,23D,45,,,,,,,,,,,,,,,,,,,,,,,,,B,,,,,,,,,43,2000,00000000,0,,0,00000000,0,,0,00000000,0,,0,00000000,0,,0,00000000,0,,0,00000000,0,,0,00000000,0,,0,00000000,0,,0,00000000,0,,0,00000000,0,00,0,,,,,,,,,,,,,,,,,,,,,0,,,,,,,,,,,,,,,,,,,,
IR,MI8270900,ROMULUS,130001302788,20130708,N,R,04,,220,45,,,,,,,,,,,,,,,,,,,,,,,,,B,,,,,,,,,26,2400,00000000,0,,0,00000000,0,,0,00000000,0,,0,00000000,0,,0,00000000,0,,0,00000000,0,,0,00000000,0,,0,00000000,0,,0,00000000,0,,0,00000000,0,00,0,,,,,,,,,,,,,,,,,,,,,0,,,,,,,,,,,,,,,,,,,,
IR,MI8270900,ROMULUS,130001301452,20130405,N,R,20,,23H,05,,,,,,,,,,,,,,,,,,,,,,,,,B,,,,,,,,,77,5000,00000000,0,,0,00000000,0,,0,00000000,0,,0,00000000,0,,0,00000000,0,,0,00000000,0,,0,00000000,0,,0,00000000,0,,0,00000000,0,,0,00000000,0,00,0,,,,,,,,,,,,,,,,,,,,,0,,,,,,,,,,,,,,,,,,,,
IR,MI8275200,SOUTHGATE,130201304121,20130820,N,R,18,,23F,14,,,,,,,,,,,,,,,,,,,,,,,,,I,,,,,,,,,08,700,00000000,0,,0,00000000,0,,0,00000000,0,,0,00000000,0,,0,00000000,0,,0,00000000,0,,0,00000000,0,,0,00000000,0,,0,00000000,0,,0,00000000,0,00,0,,,,,,,,,,,,,,,,,,,,,0,,,,,,,,,,,,,,,,,,,,
IR,MI8275200,SOUTHGATE,130201304685,20130829,N,R,12,,23H,20,,,,,,,,,,,,,,,,,,,,,,,,,I,,,,,,,,,16,60,00000000,0,,0,00000000,0,,0,00000000,0,,0,00000000,0,,0,00000000,0,,0,00000000,0,,0,00000000,0,,0,00000000,0,,0,00000000,0,,0,00000000,0,00,0,,,,,,,,,,,,,,,,,,,,,0,,,,,,,,,,,,,,,,,,,,
IR,MI8275200,SOUTHGATE,130201302948,20130618,N,R,21,,23H,18,,,,,,,,,,,,,,,,,,,,,,,,,B,,,,,,,,,19,554,00000000,0,,0,00000000,0,,0,00000000,0,,0,00000000,0,,0,00000000,0,,0,00000000,0,,0,00000000,0,,0,00000000,0,,0,00000000,0,,0,00000000,0,00,0,,,,,,,,,,,,,,,,,,,,,0,,,,,,,,,,,,,,,,,,,,
IR,MI8277500,TAYLOR,130130024786,20130807,N,,10,,120,23,,,,,,,,,,,,,,,,,,,12,A,,,,,I,B,,,,,,,,08,1,00000000,0,,0,00000000,0,,0,00000000,0,,0,00000000,0,,0,00000000,0,,0,00000000,0,,0,00000000,0,,0,00000000,0,,0,00000000,0,,0,00000000,0,00,0,,,,,,,,,,,,,,,,,,,,,0,,,,,,,,,,,,,,,,,,,,
IR,MI8277500,TAYLOR,130130038793,20131129,N,,03,,23H,05,,,,,,,,,,,,,,,,,,,,,,,,,B,,,,,,,,,08,1800,00000000,0,,0,00000000,0,,0,00000000,0,,0,00000000,0,,0,00000000,0,,0,00000000,0,,0,00000000,0,,0,00000000,0,,0,00000000,0,,0,00000000,0,00,0,,,,,,,,,,,,,,,,,,,,,0,,,,,,,,,,,,,,,,,,,,
IR,MI8277500,TAYLOR,130130010346,20130403,N,,16,,23H,05,,,,,,,,,,,,,,,,,,,,,,,,,B,,,,,,,,,19,110852,00000000,0,,0,00000000,0,,0,00000000,0,,0,00000000,0,,0,00000000,0,,0,00000000,0,,0,00000000,0,,0,00000000,0,,0,00000000,0,,0,00000000,0,00,0,,,,,,,,,,,,,,,,,,,,,0,,,,,,,,,,,,,,,,,,,,
IR,MI8277500,TAYLOR,130130024231,20130802,N,,09,,23H,05,,,,,,,,,,,,,,,,,,,,,,,,,B,,,,,,,,,08,1,00000000,0,,0,00000000,0,,0,00000000,0,,0,00000000,0,,0,00000000,0,,0,00000000,0,,0,00000000,0,,0,00000000,0,,0,00000000,0,,0,00000000,0,00,0,,,,,,,,,,,,,,,,,,,,,0,,,,,,,,,,,,,,,,,,,,
IR,MI8279300,VAN BUREN TO,130130023012,20130930,N,,03,,23F,18,,,,,,,,,,,,,,,,,,,,,,,,,B,,,,,,,,,08,1,00000000,0,,0,00000000,0,,0,00000000,0,,0,00000000,0,,0,00000000,0,,0,00000000,0,,0,00000000,0,,0,00000000,0,,0,00000000,0,,0,00000000,0,00,0,,,,,,,,,,,,,,,,,,,,,0,,,,,,,,,,,,,,,,,,,,
IR,MI8279300,VAN BUREN TO,130130021335,20130908,N,,20,,23H,23,,,,,,,,,,,,,,,,,,,,,,,,,I,,,,,,,,,08,1,00000000,0,,0,00000000,0,,0,00000000,0,,0,00000000,0,,0,00000000,0,,0,00000000,0,,0,00000000,0,,0,00000000,0,,0,00000000,0,,0,00000000,0,00,0,,,,,,,,,,,,,,,,,,,,,0,,,,,,,,,,,,,,,,,,,,
IR,MI8279300,VAN BUREN TO,130130001874,20130122,N,,03,,23H,18,,,,,,,,,,,,,,,,,,,,,,,,,I,,,,,,,,,08,5000,00000000,0,,0,00000000,0,,0,00000000,0,,0,00000000,0,,0,00000000,0,,0,00000000,0,,0,00000000,0,,0,00000000,0,,0,00000000,0,,0,00000000,0,00,0,,,,,,,,,,,,,,,,,,,,,0,,,,,,,,,,,,,,,,,,,,
IR,MI8283300,WYANDOTTE,130001302787,20130716,N,R,12,,120,07,,,,,,,,,,,,,,,,,,,12,,,,,,I,,,,,,,,,19,9200,00000000,0,,0,00000000,0,,0,00000000,0,,0,00000000,0,,0,00000000,0,,0,00000000,0,,0,00000000,0,,0,00000000,0,,0,00000000,0,,0,00000000,0,00,0,,,,,,,,,,,,,,,,,,,,,0,,,,,,,,,,,,,,,,,,,,
IR,MI8318300,WEXFORD,130001885013,20130826,N,,03,,23F,18,,,,,,,,,,,,,,,,,,,,,,,,,B,,,,,,,,,19,336,20130826,336,,0,00000000,0,,0,00000000,0,,0,00000000,0,,0,00000000,0,,0,00000000,0,,0,00000000,0,,0,00000000,0,,0,00000000,0,,0,00000000,0,,1,40,M,W,,,,,,,,,,,,,,,,,,0,40,M,W,,,,,,,,,,,,,,,,,
IR,TN0020100,SHELBYVILLE,1310201353,20131020,N,,03,,240,48,,,,,,,,,,,,,,,,,,,,,,,,,B,,,,,,,,,03,20000,00000000,0,78,20000,00000000,0,77,10800,00000000,0,,0,00000000,0,,0,00000000,0,,0,00000000,0,,0,00000000,0,,0,00000000,0,,0,00000000,0,,0,00000000,0,,1,00,U,U,,,,,,,,,,,,,,,,,,0,,,,,,,,,,,,,,,,,,,,
IR,TN0060000,BRADLEY,13-00048246,20130815,N,,20,,240,23,,,,,,,,,,,,,,,,,,,,,,,,,I,B,,,,,,,,03,152000,20130815,152000,,0,00000000,0,,0,00000000,0,,0,00000000,0,,0,00000000,0,,0,00000000,0,,0,00000000,0,,0,00000000,0,,0,00000000,0,,0,00000000,0,,1,00,U,U,,,,,,,,,,,,,,,,,,0,,,,,,,,,,,,,,,,,,,,
IR,TN0110000,CHEATHAM,130108-0010,20130107,N,,19,,23H,46,35A,10,,,,,,,,,,,,,,,,,,,,,,,I,S,,,,,,,,08,50000,00000000,0,77,40000,20130108,40000,78,24000,20130108,12000,47,10000,20130109,10000,,0,00000000,0,,0,00000000,0,,0,00000000,0,,0,00000000,0,,0,00000000,0,,0,00000000,0,,3,00,U,U,,55,M,W,,32,M,W,,,,,,,,,,2,55,M,W,N,32,M,W,N,,,,,,,,,,,,
IR,TN0150000,COCKE,13-08-120G,20130815,N,,22,,23F,18,,,,,,,,,,,,,,,,,,,,,,,,,B,,,,,,,,,19,200,00000000,0,,0,00000000,0,,0,00000000,0,,0,00000000,0,,0,00000000,0,,0,00000000,0,,0,00000000,0,,0,00000000,0,,0,00000000,0,,0,00000000,0,,1,00,U,U,,,,,,,,,,,,,,,,,,0,,,,,,,,,,,,,,,,,,,,
IR,TN0150100,NEWPORT,2013070065,20130702,N,R,20,,240,18,,,,,,,,,,,,,,,,,,,,,,,,,I,,,,,,,,,06,1326336,00000000,0,25,280,00000000,0,37,75000,20130702,50000,46,4558,00000000,0,,0,00000000,0,,0,00000000,0,,0,00000000,0,,0,00000000,0,,0,00000000,0,,0,00000000,0,,1,00,U,U,,,,,,,,,,,,,,,,,,0,,,,,,,,,,,,,,,,,,,,
IR,TN0150100,NEWPORT,2013110219,20131111,N,R,09,,240,41,,,,,,,,,,,,,,,,,,,,,,,,,B,,,,,,,,,03,41635,00000000,0,,0,00000000,0,,0,00000000,0,,0,00000000,0,,0,00000000,0,,0,00000000,0,,0,00000000,0,,0,00000000,0,,0,00000000,0,,0,00000000,0,,1,00,U,U,,,,,,,,,,,,,,,,,,0,,,,,,,,,,,,,,,,,,,,
IR,TN0191700,TENNESSEE ST,13-6753,20130605,N,,17,,23H,52,,,,,,,,,,,,,,,,,,,,,,,,,O,,,,,,,,,39,1000,00000000,0,,0,00000000,0,,0,00000000,0,,0,00000000,0,,0,00000000,0,,0,00000000,0,,0,00000000,0,,0,00000000,0,,0,00000000,0,,0,00000000,0,,1,00,U,U,,,,,,,,,,,,,,,,,,0,,,,,,,,,,,,,,,,,,,,
IR,TN0191700,TENNESSEE ST,13-7404,20130726,N,,17,,23F,18,,,,,,,,,,,,,,,,,,,,,,,,,O,,,,,,,,,36,1500,00000000,0,,0,00000000,0,,0,00000000,0,,0,00000000,0,,0,00000000,0,,0,00000000,0,,0,00000000,0,,0,00000000,0,,0,00000000,0,,0,00000000,0,,1,00,U,U,,,,,,,,,,,,,,,,,,0,,,,,,,,,,,,,,,,,,,,
IR,TN0191700,TENNESSEE ST,13-7417,20130729,N,,14,,23D,39,,,,,,,,,,,,,,,,,,,,,,,,,O,,,,,,,,,06,156,00000000,0,76,2230,00000000,0,,0,00000000,0,,0,00000000,0,,0,00000000,0,,0,00000000,0,,0,00000000,0,,0,00000000,0,,0,00000000,0,,0,00000000,0,,1,00,U,U,,,,,,,,,,,,,,,,,,0,,,,,,,,,,,,,,,,,,,,
IR,TN0240500,OAKLAND,1306160652,20130614,N,,23,,23F,18,,,,,,,,,,,,,,,,,,,,,,,,,B,,,,,,,,,27,100000,00000000,0,78,6000,00000000,0,,0,00000000,0,,0,00000000,0,,0,00000000,0,,0,00000000,0,,0,00000000,0,,0,00000000,0,,0,00000000,0,,0,00000000,0,,1,00,U,U,,,,,,,,,,,,,,,,,,0,,,,,,,,,,,,,,,,,,,,
IR,TN0260300,COWAN,2013-40361,20130719,N,,14,,23D,20,,,,,,,,,,,,,,,,,,,,,,,,,I,,,,,,,,,70,108,00000000,0,,0,00000000,0,,0,00000000,0,,0,00000000,0,,0,00000000,0,,0,00000000,0,,0,00000000,0,,0,00000000,0,,0,00000000,0,,0,00000000,0,,1,00,U,U,,,,,,,,,,,,,,,,,,0,,,,,,,,,,,,,,,,,,,,
IR,TN0270000,GIBSON,1305171055,20130502,N,,08,,23H,20,,,,,,,,,,,,,,,,,,,,,,,,,I,,,,,,,,,44,37,00000000,0,,0,00000000,0,,0,00000000,0,,0,00000000,0,,0,00000000,0,,0,00000000,0,,0,00000000,0,,0,00000000,0,,0,00000000,0,,0,00000000,0,,1,00,U,U,,,,,,,,,,,,,,,,,,0,,,,,,,,,,,,,,,,,,,,
IR,TN0270000,GIBSON,1401111521,20131011,N,,16,,23F,48,,,,,,,,,,,,,,,,,,,,,,,,,B,,,,,,,,,43,3000,00000000,0,,0,00000000,0,,0,00000000,0,,0,00000000,0,,0,00000000,0,,0,00000000,0,,0,00000000,0,,0,00000000,0,,0,00000000,0,,0,00000000,0,,1,00,U,U,,,,,,,,,,,,,,,,,,0,,,,,,,,,,,,,,,,,,,,
IR,TN0390000,HENDERSON,201311171100,20131117,N,,11,,23H,18,,,,,,,,,,,,,,,,,,,,,,,,,B,,,,,,,,,78,1000,00000000,0,88,1,00000000,0,,0,00000000,0,,0,00000000,0,,0,00000000,0,,0,00000000,0,,0,00000000,0,,0,00000000,0,,0,00000000,0,,0,00000000,0,,1,00,U,U,,,,,,,,,,,,,,,,,,0,,,,,,,,,,,,,,,,,,,,
IR,TN0410100,CENTERVILLE,1303270633,20130326,N,,16,,23F,18,290,18,,,,,,,,,,,,,,,,,,,,,,,B,,,,,,,,,36,11755,00000000,0,71,540,00000000,0,,0,00000000,0,,0,00000000,0,,0,00000000,0,,0,00000000,0,,0,00000000,0,,0,00000000,0,,0,00000000,0,,0,00000000,0,,1,00,U,U,,,,,,,,,,,,,,,,,,0,,,,,,,,,,,,,,,,,,,,
IR,TN0450000,JEFFERSON,13011405,20130124,N,,22,,240,23,,,,,,,,,,,,,,,,,,,,,,,,,B,,,,,,,,,37,10000,20130222,10000,78,54000,20130125,54000,,0,00000000,0,,0,00000000,0,,0,00000000,0,,0,00000000,0,,0,00000000,0,,0,00000000,0,,0,00000000,0,,0,00000000,0,,2,00,U,U,,28,M,U,,,,,,,,,,,,,,0,,,,,,,,,,,,,,,,,,,,
IR,TN0470100,KNOXVILLE,13-040400,20131112,N,,13,,220,18,,,,,,,,,,,,,,,,,,,,,,,,,B,,,,,,,,,08,800,20131112,800,,0,00000000,0,,0,00000000,0,,0,00000000,0,,0,00000000,0,,0,00000000,0,,0,00000000,0,,0,00000000,0,,0,00000000,0,,0,00000000,0,,4,30,F,W,,28,M,W,,34,F,W,,11,F,W,,,,,,3,28,M,W,N,34,F,W,N,30,F,W,N,,,,,,,,
IR,TN0470100,KNOXVILLE,13-009762,20130322,N,,13,,23H,25,,,,,,,,,,,,,,,,,,,,,,,,,B,,,,,,,,,77,1000,00000000,0,,0,00000000,0,,0,00000000,0,,0,00000000,0,,0,00000000,0,,0,00000000,0,,0,00000000,0,,0,00000000,0,,0,00000000,0,,0,00000000,0,00,0,,,,,,,,,,,,,,,,,,,,,0,,,,,,,,,,,,,,,,,,,,
IR,TN0480000,LAKE,1303191630,20130319,N,,16,,23H,10,,,,,,,,,,,,,,,,,,,,,,,,,I,,,,,,,,,45,3050,00000000,0,,0,00000000,0,,0,00000000,0,,0,00000000,0,,0,00000000,0,,0,00000000,0,,0,00000000,0,,0,00000000,0,,0,00000000,0,,0,00000000,0,,1,00,U,U,,,,,,,,,,,,,,,,,,0,,,,,,,,,,,,,,,,,,,,
IR,TN0620300,TELLICO PLAI,041013143005,20130410,N,,14,,23F,20,,,,,,,,,,,,,,,,,,,,,,,,,I,,,,,,,,,07,600,00000000,0,,0,00000000,0,,0,00000000,0,,0,00000000,0,,0,00000000,0,,0,00000000,0,,0,00000000,0,,0,00000000,0,,0,00000000,0,,0,00000000,0,,1,25,F,W,,,,,,,,,,,,,,,,,,0,,,,,,,,,,,,,,,,,,,,
IR,TN0620300,TELLICO PLAI,130002,20130514,N,,12,,23H,10,,,,,,,,,,,,,,,,,,,,,,,,,I,,,,,,,,,77,700,00000000,0,,0,00000000,0,,0,00000000,0,,0,00000000,0,,0,00000000,0,,0,00000000,0,,0,00000000,0,,0,00000000,0,,0,00000000,0,,0,00000000,0,,1,36,M,W,,,,,,,,,,,,,,,,,,1,36,M,W,N,,,,,,,,,,,,,,,,
IR,TN0660500,OBION,1304171215,20130417,N,,12,,23F,25,,,,,,,,,,,,,,,,,,,,,,,,,I,,,,,,,,,10,8,00000000,0,,0,00000000,0,,0,00000000,0,,0,00000000,0,,0,00000000,0,,0,00000000,0,,0,00000000,0,,0,00000000,0,,0,00000000,0,,0,00000000,0,,1,00,U,U,,,,,,,,,,,,,,,,,,0,,,,,,,,,,,,,,,,,,,,
IR,TN0710100,COOKEVILLE,201312266,20130426,N,,16,,23F,18,,,,,,,,,,,,,,,,,,,,,,,,,B,,,,,,,,,06,1765,00000000,0,07,468,00000000,0,77,3670,00000000,0,,0,00000000,0,,0,00000000,0,,0,00000000,0,,0,00000000,0,,0,00000000,0,,0,00000000,0,,0,00000000,0,00,0,,,,,,,,,,,,,,,,,,,,,0,,,,,,,,,,,,,,,,,,,,
IR,TN0790000,SHELBY,1309000667SH,20130914,N,,15,,23H,13,240,13,,,,,,,,,,,,,,,,,,,,,,,B,,,,,,,,,24,10000,00000000,0,37,10000,00000000,0,77,88445,00000000,0,,0,00000000,0,,0,00000000,0,,0,00000000,0,,0,00000000,0,,0,00000000,0,,0,00000000,0,,0,00000000,0,00,0,,,,,,,,,,,,,,,,,,,,,0,,,,,,,,,,,,,,,,,,,,
IR,TN0790000,SHELBY,1304000093SH,20130322,N,,11,,270,25,,,,,,,,,,,,,,,,,,,,,,,,,B,,,,,,,,,68,14478,20130330,10880,,0,00000000,0,,0,00000000,0,,0,00000000,0,,0,00000000,0,,0,00000000,0,,0,00000000,0,,0,00000000,0,,0,00000000,0,,0,00000000,0,,1,36,M,B,,,,,,,,,,,,,,,,,,0,,,,,,,,,,,,,,,,,,,,
IR,TN0790000,SHELBY,1301001071SH,20130125,N,,08,,23H,18,240,18,,,,,,,,,,,,,,,,,,,,,,,B,,,,,,,,,19,25900,00000000,0,37,22500,00000000,0,78,7500,20130129,7500,,0,00000000,0,,0,00000000,0,,0,00000000,0,,0,00000000,0,,0,00000000,0,,0,00000000,0,,0,00000000,0,,1,42,M,B,,,,,,,,,,,,,,,,,,0,,,,,,,,,,,,,,,,,,,,
IR,TN0790000,SHELBY,1301000182SH,20130104,N,,12,,23H,25,,,,,,,,,,,,,,,,,,,,,,,,,B,,,,,,,,,16,100000,20130105,100000,78,50000,20130105,50000,,0,00000000,0,,0,00000000,0,,0,00000000,0,,0,00000000,0,,0,00000000,0,,0,00000000,0,,0,00000000,0,,0,00000000,0,00,0,,,,,,,,,,,,,,,,,,,,,0,,,,,,,,,,,,,,,,,,,,
IR,TN0790600,BARTLETT,1308280017,20130815,N,,04,,23D,45,,,,,,,,,,,,,,,,,,,,,,,,,B,,,,,,,,,17,34000,00000000,0,,0,00000000,0,,0,00000000,0,,0,00000000,0,,0,00000000,0,,0,00000000,0,,0,00000000,0,,0,00000000,0,,0,00000000,0,,0,00000000,0,,1,00,U,U,,,,,,,,,,,,,,,,,,0,,,,,,,,,,,,,,,,,,,,
IR,TN0790600,BARTLETT,1310090027,20130826,N,,06,,23D,45,,,,,,,,,,,,,,,,,,,,,,,,,B,,,,,,,,,75,1278,00000000,0,,0,00000000,0,,0,00000000,0,,0,00000000,0,,0,00000000,0,,0,00000000,0,,0,00000000,0,,0,00000000,0,,0,00000000,0,,0,00000000,0,,2,33,M,B,,32,M,B,,,,,,,,,,,,,,0,,,,,,,,,,,,,,,,,,,,
IR,TN0791000,MEMPHIS INT,130506,20130417,N,,02,,23D,01,,,,,,,,,,,,,,,,,,,,,,,,,B,,,,,,,,,75,550,00000000,0,,0,00000000,0,,0,00000000,0,,0,00000000,0,,0,00000000,0,,0,00000000,0,,0,00000000,0,,0,00000000,0,,0,00000000,0,,0,00000000,0,,1,25,M,B,,,,,,,,,,,,,,,,,,0,,,,,,,,,,,,,,,,,,,,
IR,TN0791000,MEMPHIS INT,130505,20130410,N,,03,,23D,01,,,,,,,,,,,,,,,,,,,,,,,,,B,,,,,,,,,75,549,00000000,0,,0,00000000,0,,0,00000000,0,,0,00000000,0,,0,00000000,0,,0,00000000,0,,0,00000000,0,,0,00000000,0,,0,00000000,0,,0,00000000,0,,1,20,M,B,,,,,,,,,,,,,,,,,,0,,,,,,,,,,,,,,,,,,,,
IR,TN0791000,MEMPHIS INT,131037,20130904,N,,18,,23H,01,,,,,,,,,,,,,,,,,,,,,,,,,B,,,,,,,,,75,10980,00000000,0,,0,00000000,0,,0,00000000,0,,0,00000000,0,,0,00000000,0,,0,00000000,0,,0,00000000,0,,0,00000000,0,,0,00000000,0,,0,00000000,0,,1,00,U,U,,,,,,,,,,,,,,,,,,0,,,,,,,,,,,,,,,,,,,,
IR,TN0820200,KINGSPORT,13-021202,20131225,N,,10,,23F,18,,,,,,,,,,,,,,,,,,,,,,,,,B,,,,,,,,,19,1,00000000,0,,0,00000000,0,,0,00000000,0,,0,00000000,0,,0,00000000,0,,0,00000000,0,,0,00000000,0,,0,00000000,0,,0,00000000,0,,0,00000000,0,00,0,,,,,,,,,,,,,,,,,,,,,0,,,,,,,,,,,,,,,,,,,,
IR,TN0940000,WILLIAMSON,2013-12060,20131201,N,,14,,23H,07,,,,,,,,,,,,,,,,,,,,,,,,,B,,,,,,,,,64,3000,00000000,0,,0,00000000,0,,0,00000000,0,,0,00000000,0,,0,00000000,0,,0,00000000,0,,0,00000000,0,,0,00000000,0,,0,00000000,0,,0,00000000,0,,1,42,M,B,,,,,,,,,,,,,,,,,,1,42,M,B,N,,,,,,,,,,,,,,,,
IR,TN0940200,FAIRVIEW,13-6359,20131004,N,R,23,,23H,07,240,07,,,,,,,,,,,,,,,,,,,,,,,I,,,,,,,,,07,500000,00000000,0,37,100000,20131029,100000,78,20000,20131029,20000,,0,00000000,0,,0,00000000,0,,0,00000000,0,,0,00000000,0,,0,00000000,0,,0,00000000,0,,0,00000000,0,00,0,,,,,,,,,,,,,,,,,,,,,0,,,,,,,,,,,,,,,,,,,,
IR,TN0950000,WILSON,1317903,20130915,N,,23,,220,45,,,,,,,,,,,,,,,,,,,,,,,,,B,,,,,,,,,07,120000,00000000,0,,0,00000000,0,,0,00000000,0,,0,00000000,0,,0,00000000,0,,0,00000000,0,,0,00000000,0,,0,00000000,0,,0,00000000,0,,0,00000000,0,,1,43,M,A,,,,,,,,,,,,,,,,,,0,,,,,,,,,,,,,,,,,,,,
IR,TN0950100,LEBANON,2013000125,20130102,N,,05,,23F,18,,,,,,,,,,,,,,,,,,,,,,,,,B,,,,,,,,,08,400,00000000,0,,0,00000000,0,,0,00000000,0,,0,00000000,0,,0,00000000,0,,0,00000000,0,,0,00000000,0,,0,00000000,0,,0,00000000,0,,0,00000000,0,00,0,,,,,,,,,,,,,,,,,,,,,0,,,,,,,,,,,,,,,,,,,,
IR,TNMPD0000,MEMPHIS,1308005367ME,20130809,N,,01,,23F,18,,,,,,,,,,,,,,,,,,,,,,,,,B,,,,,,,,,08,200,00000000,0,,0,00000000,0,,0,00000000,0,,0,00000000,0,,0,00000000,0,,0,00000000,0,,0,00000000,0,,0,00000000,0,,0,00000000,0,,0,00000000,0,00,0,,,,,,,,,,,,,,,,,,,,,0,,,,,,,,,,,,,,,,,,,,
IR,TNMPD0000,MEMPHIS,1307002860ME,20130630,N,,18,,23F,25,,,,,,,,,,,,,,,,,,,,,,,,,B,,,,,,,,,16,1960,00000000,0,,0,00000000,0,,0,00000000,0,,0,00000000,0,,0,00000000,0,,0,00000000,0,,0,00000000,0,,0,00000000,0,,0,00000000,0,,0,00000000,0,00,0,,,,,,,,,,,,,,,,,,,,,0,,,,,,,,,,,,,,,,,,,,
IR,TNMPD0000,MEMPHIS,1307013105ME,20130720,N,,22,,23F,18,,,,,,,,,,,,,,,,,,,,,,,,,B,,,,,,,,,38,2000,20130720,2000,,0,00000000,0,,0,00000000,0,,0,00000000,0,,0,00000000,0,,0,00000000,0,,0,00000000,0,,0,00000000,0,,0,00000000,0,,0,00000000,0,,1,60,M,B,,,,,,,,,,,,,,,,,,1,60,M,B,N,,,,,,,,,,,,,,,,
IR,TNMPD0000,MEMPHIS,1312009150ME,20131219,N,,02,,23F,13,,,,,,,,,,,,,,,,,,,,,,,,,I,,,,,,,,,16,15,00000000,0,,0,00000000,0,,0,00000000,0,,0,00000000,0,,0,00000000,0,,0,00000000,0,,0,00000000,0,,0,00000000,0,,0,00000000,0,,0,00000000,0,00,0,,,,,,,,,,,,,,,,,,,,,0,,,,,,,,,,,,,,,,,,,,
IR,TNMPD0000,MEMPHIS,1302013795ME,20130223,N,,15,,23H,18,,,,,,,,,,,,,,,,,,,,,,,,,B,,,,,,,,,78,1,00000000,0,,0,00000000,0,,0,00000000,0,,0,00000000,0,,0,00000000,0,,0,00000000,0,,0,00000000,0,,0,00000000,0,,0,00000000,0,,0,00000000,0,00,0,,,,,,,,,,,,,,,,,,,,,0,,,,,,,,,,,,,,,,,,,,
IR,TNMPD0000,MEMPHIS,1304005597ME,20130409,N,,22,,23H,45,,,,,,,,,,,,,,,,,,,,,,,,,B,,,,,,,,,19,30,20130409,30,75,1800,20130409,1800,,0,00000000,0,,0,00000000,0,,0,00000000,0,,0,00000000,0,,0,00000000,0,,0,00000000,0,,0,00000000,0,,0,00000000,0,,1,23,M,B,,,,,,,,,,,,,,,,,,1,23,M,B,N,,,,,,,,,,,,,,,,
IR,TNMPD0000,MEMPHIS,1303014181ME,20130322,N,,21,,23H,18,240,18,,,,,,,,,,,,,,,,,,,,,,,B,,,,,,,,,36,13816,00000000,0,37,50000,20130324,50000,,0,00000000,0,,0,00000000,0,,0,00000000,0,,0,00000000,0,,0,00000000,0,,0,00000000,0,,0,00000000,0,,0,00000000,0,,1,43,M,B,,,,,,,,,,,,,,,,,,0,,,,,,,,,,,,,,,,,,,,
IR,TNMPD0000,MEMPHIS,1302001947ME,20130202,N,,12,,23H,18,,,,,,,,,,,,,,,,,,,,,,,,,I,,,,,,,,,38,35000,00000000,0,78,6000,20130211,6000,,0,00000000,0,,0,00000000,0,,0,00000000,0,,0,00000000,0,,0,00000000,0,,0,00000000,0,,0,00000000,0,,0,00000000,0,00,0,,,,,,,,,,,,,,,,,,,,,0,,,,,,,,,,,,,,,,,,,,
IR,TNMPD0000,MEMPHIS,1302004156ME,20130207,N,,19,,23H,18,240,18,,,,,,,,,,,,,,,,,,,,,,,B,,,,,,,,,08,2500,00000000,0,37,8500,20130218,8500,78,12500,00000000,0,,0,00000000,0,,0,00000000,0,,0,00000000,0,,0,00000000,0,,0,00000000,0,,0,00000000,0,,0,00000000,0,00,0,,,,,,,,,,,,,,,,,,,,,0,,,,,,,,,,,,,,,,,,,,
IR,TNMPD0000,MEMPHIS,1301017832ME,20130130,N,,18,,23F,18,,,,,,,,,,,,,,,,,,,,,,,,,I,,,,,,,,,77,1000,00000000,0,,0,00000000,0,,0,00000000,0,,0,00000000,0,,0,00000000,0,,0,00000000,0,,0,00000000,0,,0,00000000,0,,0,00000000,0,,0,00000000,0,00,0,,,,,,,,,,,,,,,,,,,,,0,,,,,,,,,,,,,,,,,,,,
IR,TNMPD0000,MEMPHIS,1301017916ME,20130116,N,,20,,23H,45,,,,,,,,,,,,,,,,,,,,,,,,,B,,,,,,,,,13,600,00000000,0,,0,00000000,0,,0,00000000,0,,0,00000000,0,,0,00000000,0,,0,00000000,0,,0,00000000,0,,0,00000000,0,,0,00000000,0,,0,00000000,0,,1,00,U,U,,,,,,,,,,,,,,,,,,0,,,,,,,,,,,,,,,,,,,,
IR,TNMPD0000,MEMPHIS,1306004647ME,20130608,N,,09,,23F,07,,,,,,,,,,,,,,,,,,,,,,,,,I,,,,,,,,,08,1000,00000000,0,,0,00000000,0,,0,00000000,0,,0,00000000,0,,0,00000000,0,,0,00000000,0,,0,00000000,0,,0,00000000,0,,0,00000000,0,,0,00000000,0,00,0,,,,,,,,,,,,,,,,,,,,,0,,,,,,,,,,,,,,,,,,,,
IR,TNMPD0000,MEMPHIS,1306018736ME,20130629,N,,17,,23F,18,,,,,,,,,,,,,,,,,,,,,,,,,I,,,,,,,,,08,100,00000000,0,,0,00000000,0,,0,00000000,0,,0,00000000,0,,0,00000000,0,,0,00000000,0,,0,00000000,0,,0,00000000,0,,0,00000000,0,,0,00000000,0,00,0,,,,,,,,,,,,,,,,,,,,,0,,,,,,,,,,,,,,,,,,,,
IR,TNMPD0000,MEMPHIS,1306014378ME,20130624,N,,00,,23F,18,,,,,,,,,,,,,,,,,,,,,,,,,I,,,,,,,,,45,240,00000000,0,,0,00000000,0,,0,00000000,0,,0,00000000,0,,0,00000000,0,,0,00000000,0,,0,00000000,0,,0,00000000,0,,0,00000000,0,,0,00000000,0,,2,25,F,B,,25,M,B,,,,,,,,,,,,,,0,,,,,,,,,,,,,,,,,,,,
IR,TNMPD0000,MEMPHIS,1306011713ME,20130620,N,,04,,23D,45,,,,,,,,,,,,,,,,,,,,,,,,,B,,,,,,,,,26,649,20130620,649,,0,00000000,0,,0,00000000,0,,0,00000000,0,,0,00000000,0,,0,00000000,0,,0,00000000,0,,0,00000000,0,,0,00000000,0,,0,00000000,0,,1,18,M,B,,,,,,,,,,,,,,,,,,0,,,,,,,,,,,,,,,,,,,,
IR,TNMPD0000,MEMPHIS,1306011992ME,20130616,N,,02,,270,18,,,,,,,,,,,,,,,,,,,,,,,,,B,,,,,,,,,38,5600,00000000,0,75,12600,00000000,0,77,567,00000000,0,,0,00000000,0,,0,00000000,0,,0,00000000,0,,0,00000000,0,,0,00000000,0,,0,00000000,0,,0,00000000,0,,1,50,M,B,,,,,,,,,,,,,,,,,,0,,,,,,,,,,,,,,,,,,,,
IR,TNMPD0000,MEMPHIS,1304018285ME,20130425,N,,12,,23H,18,,,,,,,,,,,,,,,,,,,,,,,,,B,,,,,,,,,77,3500,00000000,0,78,1,20130429,1,,0,00000000,0,,0,00000000,0,,0,00000000,0,,0,00000000,0,,0,00000000,0,,0,00000000,0,,0,00000000,0,,0,00000000,0,00,0,,,,,,,,,,,,,,,,,,,,,0,,,,,,,,,,,,,,,,,,,,
IR,TNMPD0000,MEMPHIS,1304018282ME,20130411,N,,06,,270,05,,,,,,,,,,,,,,,,,,,,,,,,,B,,,,,,,,,26,2600,00000000,0,,0,00000000,0,,0,00000000,0,,0,00000000,0,,0,00000000,0,,0,00000000,0,,0,00000000,0,,0,00000000,0,,0,00000000,0,,0,00000000,0,,1,28,M,B,,,,,,,,,,,,,,,,,,0,,,,,,,,,,,,,,,,,,,,
IR,TNMPD0000,MEMPHIS,1304012924ME,20130420,N,,18,,23F,13,,,,,,,,,,,,,,,,,,,,,,,,,B,,,,,,,,,08,300,00000000,0,,0,00000000,0,,0,00000000,0,,0,00000000,0,,0,00000000,0,,0,00000000,0,,0,00000000,0,,0,00000000,0,,0,00000000,0,,0,00000000,0,00,0,,,,,,,,,,,,,,,,,,,,,0,,,,,,,,,,,,,,,,,,,,
IR,TNMPD0000,MEMPHIS,1305007453ME,20130511,N,,14,,23H,48,,,,,,,,,,,,,,,,,,,,,,,,,B,,,,,,,,,77,80000,00000000,0,78,35000,00000000,0,,0,00000000,0,,0,00000000,0,,0,00000000,0,,0,00000000,0,,0,00000000,0,,0,00000000,0,,0,00000000,0,,0,00000000,0,00,0,,,,,,,,,,,,,,,,,,,,,0,,,,,,,,,,,,,,,,,,,,
IR,VA0080000,AUGUSTA,20130003021,20131127,N,,23,,240,23,,,,,,,,,,,,,,,,,,,,,,,,,B,,,,,,,,,06,441000,00000000,0,37,100000,20131202,100000,,0,00000000,0,,0,00000000,0,,0,00000000,0,,0,00000000,0,,0,00000000,0,,0,00000000,0,,0,00000000,0,,0,00000000,0,00,0,,,,,,,,,,,,,,,,,,,,,0,,,,,,,,,,,,,,,,,,,,
IR,VA0120000,BOTETOURT,201310-027,20131005,N,,09,,240,23,,,,,,,,,,,,,,,,,,,,,,,,,B,,,,,,,,,19,1,20131005,1,37,75000,20131005,75000,,0,00000000,0,,0,00000000,0,,0,00000000,0,,0,00000000,0,,0,00000000,0,,0,00000000,0,,0,00000000,0,,0,00000000,0,00,0,,,,,,,,,,,,,,,,,,,,,0,,,,,,,,,,,,,,,,,,,,
IR,VA0130000,BRUNSWICK,13007425,20130528,N,,00,,240,07,,,,,,,,,,,,,,,,,,,,,,,,,I,,,,,,,,,02,325000,00000000,0,03,40000,20130603,40000,38,20000,20130603,20000,,0,00000000,0,,0,00000000,0,,0,00000000,0,,0,00000000,0,,0,00000000,0,,0,00000000,0,,0,00000000,0,00,0,,,,,,,,,,,,,,,,,,,,,0,,,,,,,,,,,,,,,,,,,,
IR,VA0210100,CHESTERFIELD,201312272003,20131224,N,,08,,270,05,,,,,,,,,,,,,,,,,,,,,,,,,B,,,,,,,,,20,1300,00000000,0,,0,00000000,0,,0,00000000,0,,0,00000000,0,,0,00000000,0,,0,00000000,0,,0,00000000,0,,0,00000000,0,,0,00000000,0,,0,00000000,0,,2,00,M,B,,00,M,W,,,,,,,,,,,,,,0,,,,,,,,,,,,,,,,,,,,
IR,VA0340000,FREDERICK,13001457,20130316,N,,12,,240,06,,,,,,,,,,,,,,,,,,,,,,,,,B,,,,,,,,,24,5000,00000000,0,43,15200,00000000,0,,0,00000000,0,,0,00000000,0,,0,00000000,0,,0,00000000,0,,0,00000000,0,,0,00000000,0,,0,00000000,0,,0,00000000,0,,1,42,M,W,,,,,,,,,,,,,,,,,,1,42,M,W,N,,,,,,,,,,,,,,,,
IR,VA0340000,FREDERICK,13005204,20130922,N,,03,,23F,18,240,18,,,,,,,,,,,,,,,,,,,,,,,I,B,,,,,,,,07,100000,00000000,0,22,0,00000000,0,25,5,00000000,0,26,50,00000000,0,37,50000,20131008,50000,78,10000,20131008,10000,,0,00000000,0,,0,00000000,0,,0,00000000,0,,0,00000000,0,00,0,,,,,,,,,,,,,,,,,,,,,0,,,,,,,,,,,,,,,,,,,,
IR,VA0440000,HENRY,2013018486,20130222,N,,09,,23H,23,,,,,,,,,,,,,,,,,,,,,,,,,I,B,,,,,,,,08,80000,20130403,80000,78,17500,20130403,17500,,0,00000000,0,,0,00000000,0,,0,00000000,0,,0,00000000,0,,0,00000000,0,,0,00000000,0,,0,00000000,0,,0,00000000,0,,1,25,M,W,,,,,,,,,,,,,,,,,,0,,,,,,,,,,,,,,,,,,,,
IR,VA0740100,PRINCE GEORG,201306190001,20130618,N,,00,,23H,48,,,,,,,,,,,,,,,,,,,,,,,,,B,,,,,,,,,71,11637,00000000,0,,0,00000000,0,,0,00000000,0,,0,00000000,0,,0,00000000,0,,0,00000000,0,,0,00000000,0,,0,00000000,0,,0,00000000,0,,0,00000000,0,00,0,,,,,,,,,,,,,,,,,,,,,0,,,,,,,,,,,,,,,,,,,,
IR,VA0890000,STAFFORD,2013005292,20130624,N,,08,,23F,25,,,,,,,,,,,,,,,,,,,,,,,,,B,,,,,,,,,08,40000,00000000,0,,0,00000000,0,,0,00000000,0,,0,00000000,0,,0,00000000,0,,0,00000000,0,,0,00000000,0,,0,00000000,0,,0,00000000,0,,0,00000000,0,,1,18,M,U,,,,,,,,,,,,,,,,,,0,,,,,,,,,,,,,,,,,,,,
IR,VA0970000,WYTHE,20133601,20130424,N,,05,,240,23,,,,,,,,,,,,,,,,,,,,,,,,,B,,,,,,,,,78,300000,20130424,300000,37,150000,20130424,150000,,0,00000000,0,,0,00000000,0,,0,00000000,0,,0,00000000,0,,0,00000000,0,,0,00000000,0,,0,00000000,0,,0,00000000,0,00,0,,,,,,,,,,,,,,,,,,,,,0,,,,,,,,,,,,,,,,,,,,
IR,VA1110000,HAMPTON,131106009,20130912,N,,06,,270,25,,,,,,,,,,,,,,,,,,,,,,,,,B,,,,,,,,,08,14592,00000000,0,,0,00000000,0,,0,00000000,0,,0,00000000,0,,0,00000000,0,,0,00000000,0,,0,00000000,0,,0,00000000,0,,0,00000000,0,,0,00000000,0,,1,51,M,B,,,,,,,,,,,,,,,,,,0,,,,,,,,,,,,,,,,,,,,
IR,VA1160000,NEWPORT NEWS,201306659,20130825,N,,23,,23F,13,240,18,,,,,,,,,,,,,,,,,,,,,,,B,,,,,,,,,16,10000,00000000,0,03,1,20130829,1,,0,00000000,0,,0,00000000,0,,0,00000000,0,,0,00000000,0,,0,00000000,0,,0,00000000,0,,0,00000000,0,,0,00000000,0,00,0,,,,,,,,,,,,,,,,,,,,,0,,,,,,,,,,,,,,,,,,,,
IR,VA1160000,NEWPORT NEWS,201300493,20130111,N,,10,,23F,18,23H,18,,,,,,,,,,,,,,,,,,,,,,,I,,,,,,,,,08,3000,00000000,0,64,60,00000000,0,,0,00000000,0,,0,00000000,0,,0,00000000,0,,0,00000000,0,,0,00000000,0,,0,00000000,0,,0,00000000,0,,0,00000000,0,00,0,,,,,,,,,,,,,,,,,,,,,0,,,,,,,,,,,,,,,,,,,,
IR,VA1220000,RICHMOND,201305280125,20130525,N,,16,,240,18,,,,,,,,,,,,,,,,,,,,,,,,,B,,,,,,,,,02,35000,00000000,0,24,30000,20130604,30000,,0,00000000,0,,0,00000000,0,,0,00000000,0,,0,00000000,0,,0,00000000,0,,0,00000000,0,,0,00000000,0,,0,00000000,0,00,0,,,,,,,,,,,,,,,,,,,,,0,,,,,,,,,,,,,,,,,,,,
IR,VA1280000,VIRGINIA BEA,2013043581,20130923,N,,22,,23H,21,,,,,,,,,,,,,,,,,,,,,,,,,B,,,,,,,,,08,202,00000000,0,,0,00000000,0,,0,00000000,0,,0,00000000,0,,0,00000000,0,,0,00000000,0,,0,00000000,0,,0,00000000,0,,0,00000000,0,,0,00000000,0,,1,00,U,U,,,,,,,,,,,,,,,,,,0,,,,,,,,,,,,,,,,,,,,