year,state_abbr,population,violent_crime,homicide,rape_legacy,rape_revised,robbery,aggravated_assault,property_crime,burglary,larceny,motor_vehicle_theft,caveats
1995,,262803276,1798792,21606,97470,,580509,1099207,12063935,2593784,7997710,1472441,
1996,,265228572,1688540,19645,96252,,535594,1037049,11805323,2506400,7904685,1394238,
1997,,267783607,1636099,18211,96153,,498534,1023201,11558975,2461026,7743760,1354189,
1998,,270248003,1533887,16974,93144,,447186,976583,10951827,2332735,7376311,1242781,
1999,,272690813,1426044,15522,89411,,409371,911740,10208334,2100739,6955520,1152075,
2000,,281421906,1425486,15586,90178,,408016,911706,10182584,2050992,6971590,1160002,
2001,,285317559,1439480,16037,90863,,423557,909023,10437189,2116531,7092267,1228391,"The murder and nonnegligent homicides that occurred as a result of the events of September 11, 2001, are not included in this table."
2002,,287973924,1423677,16229,95235,,420806,891407,10455277,2151252,7057379,1246646,
2003,,290788976,1383676,16528,93883,,414235,859030,10442862,2154834,7026802,1261226,
2004,,293656842,1360088,16148,95089,,401470,847381,10319386,2144446,6937089,1237851,
2005,,296507061,1390745,16740,94347,,417438,862220,10174754,2155448,6783447,1235859,
2006,,299398484,1435123,17309,94472,,449246,874096,10019601,2194993,6626363,1198245,
2007,,301621157,1422970,17128,92160,,447324,866358,9882212,2190198,6591542,1100472,
2008,,304059724,1394461,16465,90750,,443563,843683,9774152,2228887,6586206,959059,
2009,,307006550,1325896,15399,89241,,408742,812514,9337060,2203313,6338095,795652,
2010,,309330219,1251248,14722,85593,,369089,781844,9112625,2168459,6204601,739565,
2011,,311587816,1206031,14661,84175,,354772,752423,9052743,2185140,6151095,716508,
2012,,313873685,1217057,14856,85141,,355051,762009,9001992,2109932,6168874,723186,
2013,,316497531,1168298,14319,82109,113695,345093,726777,8651892,1932139,6019465,700288,
2014,,318907401,1153022,14164,84864,118027,322905,731089,8209010,1713153,5809054,686803,
2015,,320896618,1199310,15883,126134,91261,328109,764057,8024115,1587564,5723488,713063,
2016,,323127513,1248185,17250,130603,95730,332198,803007,7919035,1515096,5638455,765484,
1995,AL,4253000,26894,475,1350,,7900,17169,179294,43586,120967,14741,
1996,AL,4273000,24159,444,1397,,7124,15194,181803,42821,123350,15632,
1997,AL,4319000,24379,426,1396,,6931,15626,186809,43786,127616,15407,
1998,AL,4352000,22286,354,1443,,5698,14791,177779,41965,120943,14871,
1999,AL,4369862,21421,345,1513,,5297,14266,171398,38648,119616,13134,
2000,AL,4447100,21620,329,1482,,5702,14107,180539,40331,127399,12809,
2001,AL,4468912,19582,379,1369,,5584,12250,173253,40642,119992,12619,
2002,AL,4478896,19931,303,1664,,5962,12002,180400,42578,123932,13890,
2003,AL,4503726,19331,299,1656,,6038,11338,182241,43245,124039,14957,
2004,AL,4525375,19324,254,1742,,6042,11286,182340,44666,123650,14024,
2005,AL,4548327,19678,374,1564,,6447,11293,177393,43473,120780,13140,
2006,AL,4599030,19553,382,1646,,7062,10463,181249,44780,121451,15018,
2007,AL,4627851,20775,412,1548,,7398,11417,184082,45379,124465,14238,
2008,AL,4661900,21110,351,1618,,7346,11795,190416,50411,126539,13466,
2009,AL,4708708,21194,322,1504,,6265,13103,178007,48844,118072,11091,
2010,AL,4785401,18363,275,1355,,4864,11869,168828,42484,115564,10780,
2011,AL,4803689,20166,299,1370,,4906,13591,173192,51119,111411,10662,"because of changes in the state's reporting practices, figures are not comparable to previous years' data.  "
2012,AL,4817528,21693,342,1296,,5020,15035,168878,47481,111523,9874,
2013,AL,4833996,20834,346,1449,2055,4645,13788,161835,42410,108862,10563,
2014,AL,4846411,20727,276,1425,2005,4702,13744,154087,39723,104223,10141,
2015,AL,4853875,22957,348,2037,1449,4612,15960,144785,35265,99182,10338,
2016,AL,4863300,25886,407,1916,1385,4686,18877,143362,34065,97574,11723,
1995,AK,604000,4656,55,485,,937,3179,30097,5055,21891,3151,
1996,AK,607000,4417,45,398,,710,3264,28667,5118,20557,2992,
1997,AK,609000,4270,54,403,,648,3165,27840,4276,20780,2784,
1998,AK,614000,4015,41,421,,532,3021,25316,4098,18611,2607,
1999,AK,619500,3908,52,517,,566,2773,23099,3787,16654,2658,
2000,AK,626932,3554,27,497,,490,2540,23087,3899,16838,2350,
2001,AK,633630,3735,39,501,,514,2681,23160,3847,16695,2618,
2002,AK,641482,3627,33,511,,489,2594,24118,3908,17739,2471,
2003,AK,648280,3877,39,605,,446,2787,24386,3874,18051,2461,
2004,AK,657755,4159,37,558,,447,3117,22172,3773,16159,2240,
2005,AK,663253,4194,32,538,,537,3087,23975,4131,17249,2595,
2006,AK,670053,4610,36,512,,600,3462,23975,4155,17284,2536,
2007,AK,683478,4520,43,545,,581,3351,23096,3734,16929,2433,
2008,AK,686293,4475,27,447,,645,3356,20090,3237,15225,1628,
2009,AK,698473,4424,22,513,,654,3235,20538,3600,15251,1687,
2010,AK,714146,4537,31,533,,594,3379,20259,3105,15535,1619,
2011,AK,723860,4416,30,436,,576,3374,19094,2852,14854,1388,
2012,AK,730307,4412,30,583,,630,3169,20037,2950,15565,1522,
2013,AK,737259,4709,34,657,925,623,3127,21211,2917,16599,1695,
2014,AK,737046,4684,41,553,771,629,3243,20334,3150,15445,1739,
2015,AK,737709,5391,59,900,648,761,3671,20806,3511,15249,2046,
2016,AK,741894,5966,52,1053,757,850,4011,24876,4053,17766,3057,
1995,AZ,4218000,30095,439,1418,,7329,20909,316355,59762,207763,48830,
1996,AZ,4428000,27963,377,1381,,7429,18776,284964,55630,188300,41034,
1997,AZ,4555000,28411,375,1492,,7547,18997,299323,60077,195045,44201,
1998,AZ,4669000,26984,376,1451,,7715,17442,280001,56473,183137,40391,
1999,AZ,4778332,26334,384,1383,,7288,17279,255401,49423,167731,38247,
2000,AZ,5130632,27281,359,1577,,7504,17841,271811,51902,176705,43204,
2001,AZ,5306966,28675,400,1518,,8868,17889,293874,54821,186850,52203,
2002,AZ,5441125,30171,387,1608,,8000,20176,318296,59087,201541,57668,
2003,AZ,5579222,28638,441,1856,,7619,18722,314335,58613,198725,56997,
2004,AZ,5739879,28952,414,1896,,7721,18921,291203,56885,179012,55306,
2005,AZ,5953007,30478,445,2006,,8579,19448,287345,56328,176112,54905,
2006,AZ,6166318,33456,533,2449,,9491,20983,294389,59418,178321,56650,
2007,AZ,6338755,32835,548,2353,,9764,20170,287308,59988,177076,50244,
2008,AZ,6500180,31567,462,2200,,9809,19096,266653,58606,169460,38587,
2009,AZ,6595778,28128,380,2279,,8199,17270,236721,54308,155976,26437,
2010,AZ,6413158,26528,408,2191,,6953,16976,226802,50932,154137,21733,
2011,AZ,6467315,26789,397,2499,,7145,16748,229896,54695,155400,19801,
2012,AZ,6551149,28077,358,2282,,7383,18054,231701,52911,159808,18982,
2013,AZ,6634997,27576,355,2344,3174,6656,17391,223294,48292,158036,16966,
2014,AZ,6728783,26422,311,2356,3272,6225,16614,213406,43412,152683,17311,
2015,AZ,6817565,27968,306,3109,2268,6360,18193,207184,38010,152388,16786,
2016,AZ,6931071,32583,380,3290,2452,7055,21858,206432,37736,150275,18421,
1995,AR,2484000,13741,259,925,,3122,9435,102780,24763,69935,8082,
1996,AR,2510000,13161,219,1046,,2864,9032,104790,23925,73010,7855,
1997,AR,2523000,13293,250,1098,,2814,9131,105759,25568,72253,7938,
1998,AR,2538000,12442,201,893,,2442,8906,96271,23559,65525,7187,
1999,AR,2551373,10848,143,710,,2024,7971,92283,21692,63927,6664,
2000,AR,2673400,11904,168,848,,2001,8887,98115,21443,69740,6932,
2001,AR,2694698,12190,148,892,,2181,8969,99106,22196,69590,7320,
2002,AR,2706268,11501,142,754,,2524,8081,101171,23229,71129,6813,
2003,AR,2727774,12449,180,911,,2227,9131,99084,25016,68061,6007,
2004,AR,2750000,13814,176,1183,,2372,10083,110911,30151,74242,6518,
2005,AR,2775708,14670,189,1202,,2532,10747,112914,30118,75510,7286,
2006,AR,2810872,15538,205,1325,,2749,11259,112025,31864,72646,7515,
2007,AR,2834797,15226,198,1294,,3105,10629,112130,32035,73096,6999,
2008,AR,2855390,14649,165,1463,,2777,10244,110360,33912,69905,6543,
2009,AR,2889450,14905,179,1378,,2576,10772,109078,34753,68228,6097,
2010,AR,2921588,14711,134,1321,,2369,10887,103820,32463,65796,5561,
2011,AR,2938582,14173,160,1230,,2357,10426,110430,34016,70645,5769,
2012,AR,2949828,13851,174,1233,,2310,10134,109389,32673,70982,5734,
2013,AR,2958765,13705,158,1135,1490,2261,9796,106477,30369,70430,5678,
2014,AR,2966835,14248,175,1291,1816,2037,10220,99452,24816,69001,5635,
2015,AR,2977853,15769,189,2008,1425,2117,11455,97391,22851,68720,5820,
2016,AR,2988248,16461,216,2143,1545,2120,11982,97673,23771,66747,7155,
1995,CA,31589000,305154,3531,10554,,104611,186458,1536830,353895,902456,280479,
1996,CA,31878000,274996,2916,10244,,94222,167614,1385135,312212,830457,242466,
1997,CA,32268000,257582,2579,10189,,81468,163346,1312367,299240,784405,228722,
1998,CA,32667000,229883,2171,9782,,68782,149148,1188791,269012,724262,195517,
1999,CA,33145121,207879,2005,9363,,60039,136472,1053285,223814,660991,168480,
2000,CA,33871648,210531,2079,9785,,60249,138418,1056183,222293,651855,182035,
2001,CA,34600463,212867,2206,9960,,64614,136087,1134189,232273,697739,204177,
2002,CA,35001986,208388,2395,10198,,64968,130827,1176484,238428,715692,222364,
2003,CA,35462712,205551,2407,9994,,63770,129380,1215086,242274,731486,241326,
2004,CA,35842038,189175,2392,9615,,61768,115400,1227194,245903,728687,252604,
2005,CA,36154147,190178,2503,9392,,63622,114661,1200531,250521,692467,257543,
2006,CA,36457549,194483,2486,9235,,71142,111620,1159988,247230,669103,243655,
2007,CA,36553215,191561,2262,9046,,70706,109547,1112510,237850,654526,220134,
2008,CA,36756666,185329,2142,8903,,69388,104896,1080996,237811,650656,192529,
2009,CA,36961664,174934,1972,8713,,64093,100156,1009433,230198,615402,163833,
2010,CA,37338198,164133,1809,8331,,58116,95877,981939,228857,600558,152524,
2011,CA,37683933,154943,1792,7665,,54291,91195,973822,230075,596905,146842,
2012,CA,37999878,160944,1884,7837,,56521,94702,1049465,245767,635090,168608,
2013,CA,38431393,154739,1746,7464,10324,53640,89029,1018907,232058,621557,165292,
2014,CA,38792291,153763,1700,8389,11578,48681,91804,947193,202669,592673,151851,
2015,CA,38993940,166883,1861,12811,9341,52862,99349,1024914,197404,656517,170993,
2016,CA,39250017,174796,1930,13702,10149,54789,104375,1002070,188304,637010,176756,
1995,CO,3747000,16494,216,1480,,3604,11194,185705,35001,136184,14520,
1996,CO,3823000,15463,180,1765,,3755,9763,180218,34436,130576,15206,
1997,CO,3893000,14139,157,1677,,3242,9063,166902,30994,119801,16107,
1998,CO,3971000,15008,183,1883,,3238,9704,163189,31231,115871,16087,
1999,CO,4056133,13811,185,1679,,3056,8891,151002,26979,109228,14795,
2000,CO,4301261,14367,134,1774,,3034,9425,156937,27133,112843,16961,
2001,CO,4430989,15492,158,1930,,3555,9849,170887,28533,121360,20994,
2002,CO,4501051,15882,179,2066,,3579,10058,180054,31678,125193,23183,
2003,CO,4547633,15757,185,1913,,3738,9921,179706,32394,124496,22816,
2004,CO,4601821,17121,201,1945,,3739,11236,180322,33010,123308,24004,
2005,CO,4663295,18498,173,2026,,3948,12351,188449,34746,127602,26101,
2006,CO,4753377,18794,171,2158,,3824,12641,163439,32411,110372,20656,
2007,CO,4861515,17101,155,2075,,3461,11410,145808,28633,100519,16656,
2008,CO,4939456,17480,165,2151,,3404,11760,139340,28054,97937,13349,
2009,CO,5024748,17022,159,2269,,3371,11223,134196,26637,95079,12480,
2010,CO,5047692,16339,129,2230,,3164,10816,135001,26196,97534,11271,
2011,CO,5116302,16085,155,2285,,3299,10346,132781,25725,96054,11002,
2012,CO,5189458,15951,152,2122,,3392,10285,139355,26163,101091,12101,
2013,CO,5272086,16099,174,2198,2963,3136,9826,139974,25075,102375,12524,
2014,CO,5355588,16487,150,2236,3089,3037,10211,135789,23502,99688,12599,
2015,CO,5448819,17348,173,3328,2422,3315,10532,144044,23490,104532,16022,
2016,CO,5540545,18983,204,3555,2619,3528,11696,151850,23903,108336,19611,
1995,CT,3275000,13293,150,776,,5345,7022,134188,29095,87401,17692,
1996,CT,3274000,13490,158,755,,5552,7025,124924,27574,81328,16022,
1997,CT,3270000,12781,124,740,,4999,6918,117505,24143,78821,14541,
1998,CT,3274000,11993,135,728,,4379,6751,111978,21801,77472,12705,
1999,CT,3282031,11342,107,654,,4054,6527,99894,19298,69299,11297,
2000,CT,3405565,11058,98,678,,3832,6450,99033,17436,68498,13099,
2001,CT,3434602,11492,105,639,,4183,6565,95299,17159,65762,12378,
2002,CT,3458587,10807,84,740,,4069,5914,93426,17111,64735,11580,
2003,CT,3486960,11045,112,698,,4212,6023,92981,16043,65568,11370,
2004,CT,3498966,10113,100,755,,4188,5070,93942,15959,66770,11213,
2005,CT,3500701,9542,105,712,,3933,4792,90270,15245,64416,10609,
2006,CT,3504809,10505,137,696,,4460,5212,90638,15583,64765,10290,
2007,CT,3502309,10547,113,690,,4303,5441,86528,15640,60937,9951,
2008,CT,3501252,10737,132,680,,4043,5882,87210,15107,63212,8891,
2009,CT,3518288,10588,106,657,,4001,5824,82625,15172,59992,7461,
2010,CT,3575498,10083,133,595,,3553,5802,78259,15145,56413,6701,
2011,CT,3586717,9889,129,689,,3689,5382,77205,15468,55067,6670,
2012,CT,3591765,10183,117,933,,3709,5424,77169,14787,55904,6478,
2013,CT,3599341,9439,91,647,891,3551,4906,71274,12934,52099,6241,
2014,CT,3594762,8575,89,579,794,3172,4520,69326,12017,51195,6114,
2015,CT,3584730,7938,116,798,585,2925,4099,65610,10286,48898,6426,
2016,CT,3576452,8123,78,763,561,2703,4579,64664,10045,47512,7107,
1995,DE,717000,5198,25,575,,1425,3173,31790,6491,22329,2970,
1996,DE,725000,4845,31,454,,1304,3056,30643,5830,21665,3148,
1997,DE,732000,5753,22,428,,1783,3520,36578,6421,25904,4253,
1998,DE,744000,5672,21,499,,1445,3707,34230,6395,24649,3186,The state UCR Program was unable to provide 1998 forcible rape figures in accordance with national UCR guidelines.  The 1998 forcible rape total for Delaware was estimated by reducing the number of reported offenses by the proportion of male forcible rape victims statewide.
1999,DE,753538,5534,24,529,,1492,3489,30922,5245,22634,3043,
2000,DE,783600,5363,25,424,,1394,3520,29727,5216,21360,3151,
2001,DE,796599,4868,23,420,,1156,3269,27399,5144,19476,2779,
2002,DE,805945,4836,26,358,,1154,3298,26967,5355,18555,3057,
2003,DE,818166,5525,21,370,,1441,3693,27943,6066,18933,2944,
2004,DE,830069,5105,28,357,,1343,3377,27256,5669,19285,2302,
2005,DE,841741,5332,37,377,,1306,3612,26245,5811,18085,2349,
2006,DE,853476,5983,42,417,,1791,3733,29670,6337,20449,2884,
2007,DE,864764,6100,39,341,,1763,3957,29216,6420,20454,2342,
2008,DE,873092,6187,57,371,,1847,3912,31385,6783,22045,2557,
2009,DE,885122,5713,41,395,,1680,3597,29685,6943,20836,1906,
2010,DE,899792,5608,51,326,,1839,3392,31078,7550,21593,1935,
2011,DE,908137,5144,48,307,,1558,3231,31163,7617,22001,1545,
2012,DE,917053,5048,56,249,,1498,3245,30707,7389,21880,1438,
2013,DE,925240,4633,41,278,399,1233,2960,29001,6299,21347,1355,
2014,DE,935968,4568,50,274,390,1271,2857,27915,5765,20885,1265,
2015,DE,944076,4760,62,361,257,1240,3097,25545,4797,19555,1193,
2016,DE,952065,4844,56,308,221,1359,3121,26334,5023,19791,1520,
1995,DC,554000,14744,360,292,,6864,7228,52697,10185,32319,10193,
1996,DC,543000,13411,397,260,,6444,6310,51188,9828,31385,9975,
1997,DC,529000,10708,301,218,,4501,5688,41341,6963,26809,7569,
1998,DC,523000,8988,260,190,,3606,4932,37222,6361,24360,6501,
1999,DC,519000,8448,241,248,,3344,4615,33420,5067,21701,6652,District of Columbia data include reports from the Zoological Police
2000,DC,572059,8626,239,251,,3554,4582,33000,4745,21655,6600,District of Columbia data include reports from the Zoological Police
2001,DC,573822,9195,231,181,,3780,5003,35232,4949,22313,7970,District of Columbia data include reports from the Zoological Police
2002,DC,569157,9322,264,262,,3834,4962,36477,5170,21708,9599,District of Columbia data include reports from the Zoological Police and the Metro Transit Police
2003,DC,557620,9061,249,274,,3941,4597,32696,4671,18119,9906,District of Columbia data include reports from the Zoological Police
2004,DC,554239,7590,198,222,,3202,3968,26896,3946,14542,8408,District of Columbia data include reports from the Zoological Police
2005,DC,582049,8032,195,166,,3700,3971,26133,3577,14836,7720,District of Columbia data include reports from the Zoological Police
2006,DC,581530,8772,169,185,,3829,4589,27064,3835,15908,7321,District of Columbia data include reports from the Zoological Police
2007,DC,588292,8325,181,192,,4265,3687,28922,3926,17390,7606,District of Columbia data include reports from the Zoological Police
2008,DC,591833,8509,186,186,,4430,3707,30211,3788,19958,6465,District of Columbia data include reports from the Zoological Police
2009,DC,599657,8089,145,150,,4404,3390,28495,3696,19267,5532,
2010,DC,604912,8026,132,187,,4325,3382,28802,4233,19514,5055,
2011,DC,619020,7433,108,173,,4094,3058,29654,3850,21347,4457,
2012,DC,633427,7866,88,236,,4037,3505,30757,3519,23575,3663,2012 data includes offenses reported by the Zoological Police and the Metro Transit Police.
2013,DC,649111,8415,103,297,395,4082,3835,31097,3316,24547,3234,
2014,DC,659836,8199,105,349,472,3497,4125,34147,3466,26898,3783,
2015,DC,670377,8538,162,494,365,3746,4136,31444,2971,25208,3265,
2016,DC,681170,8214,139,532,401,3480,4063,32716,2361,27382,2973,
1995,FL,14166000,151711,1037,6887,,42485,101302,939288,215657,612311,111320,
1996,FL,14400000,151350,1077,7508,,41643,101122,928273,219056,605448,103769,The state UCR Program was unable to provide complete 1996 offense figures in accordance with UCR guidelines.  The state UCR Program was able to provide an aggregated state total and data were received from 94 individual Florida agencies
1997,FL,14654000,149996,1012,7599,,40459,100926,915613,213926,594492,107195,
1998,FL,14916000,140016,967,7404,,36198,95447,887107,203105,579752,104250,
1999,FL,15111244,129044,859,6990,,31969,89226,808674,181378,534105,93191,
2000,FL,15982378,129777,903,7057,,31809,90008,780377,172898,518298,89181,
2001,FL,16373330,130713,874,6641,,32867,90331,782517,176052,516548,89917,
2002,FL,16691701,128721,911,6753,,32581,88476,777236,177242,511478,88516,
2003,FL,16999181,124280,924,6727,,31523,85106,757696,170644,505489,81563,
2004,FL,17385430,123754,946,6612,,29997,86199,727141,166332,482484,78325,
2005,FL,17768191,125957,883,6592,,30141,88341,712998,164783,472912,75303,
2006,FL,18089888,129602,1129,6475,,34147,87851,721101,170873,473774,76454,
2007,FL,18251243,131878,1202,6149,,38155,86372,746249,181836,490783,73630,
2008,FL,18328340,126256,1168,5972,,36268,82848,758889,188472,506902,63515,
2009,FL,18537969,113541,1017,5501,,30911,76112,712010,181884,479867,50259,
2010,FL,18838613,101969,987,5373,,26086,69523,669035,169119,458454,41462,
2011,FL,19082262,98198,984,5273,,25622,66319,671200,170171,461408,39621,
2012,FL,19320749,94087,1009,5260,,23889,63929,632988,153563,442095,37330,
2013,FL,19600311,91993,972,4765,6767,23200,61054,607170,138915,433344,34911,
2014,FL,19905569,91345,982,5038,7132,21621,61610,583774,121379,426197,36198,
2015,FL,20244914,93625,1041,7552,5396,21137,63895,570270,109268,420341,40661,
2016,FL,20612439,88700,1111,7598,5528,20175,59816,553812,100325,410352,43135,
1995,GA,7201000,47317,683,2539,,14777,29318,385005,76324,264872,43809,
1996,GA,7353000,46966,630,2357,,15100,28879,416986,81968,288803,46215,
1997,GA,7486000,45408,563,2328,,15473,27044,388155,81320,262263,44572,
1998,GA,7642000,43762,618,2322,,14308,26514,373717,75720,255459,42538,
1999,GA,7788240,41585,583,2319,,12962,25721,359383,71429,247834,40120,
2000,GA,8186453,41319,651,1968,,13250,25450,347630,68488,240440,38702,
2001,GA,8405677,41671,598,2180,,14402,24491,347872,71799,238484,37589,
2002,GA,8544005,39271,606,2108,,13432,23125,346559,73932,234591,38036,
2003,GA,8676460,39435,657,2234,,14043,22501,369589,79001,247196,43392,
2004,GA,8918129,40217,613,2387,,13656,23561,376656,82992,249426,44238,
2005,GA,9132553,40725,564,2143,,14041,23977,378534,84463,249594,44477,
2006,GA,9363941,44754,605,2169,,15511,26469,362712,85140,234445,43127,
2007,GA,9544750,46917,720,2198,,17291,26708,371248,90294,238436,42518,
2008,GA,9685744,47353,640,2334,,17808,26571,387917,100564,247709,39644,
2009,GA,9829211,42073,566,2323,,14631,24553,360985,98606,229216,33163,
2010,GA,9712157,39068,555,2107,,12372,24034,353449,96947,226161,30341,
2011,GA,9812460,36762,549,2066,,12266,21881,357235,96014,231543,29678,
2012,GA,9915646,37675,583,2143,,12502,22447,339473,86992,223875,28606,
2013,GA,9994759,37519,563,2022,2891,12704,21361,339808,83459,229190,27159,
2014,GA,10097132,38955,607,2209,3147,12786,22415,339146,78029,233359,27758,
2015,GA,10199398,38891,622,3257,2343,12545,22467,316013,68149,220715,27149,
2016,GA,10310371,40990,681,3509,2528,12205,24595,309770,63344,219625,26801,
1995,HI,1187000,3509,56,336,,1553,1564,81938,13832,59907,8199,
1996,HI,1184000,3322,40,326,,1606,1350,74639,12781,54701,7157,
1997,HI,1187000,3299,47,371,,1403,1478,68193,12741,48984,6468,
1998,HI,1193000,2946,24,352,,1225,1345,60677,11169,43914,5594,
1999,HI,1185497,2785,44,354,,1044,1343,54539,9421,40458,4660,
2000,HI,1211537,2954,35,346,,1123,1450,60033,10665,43254,6114,
2001,HI,1227024,3117,32,409,,1142,1534,62830,11162,44925,6743,
2002,HI,1240663,3262,24,372,,1210,1656,71976,12722,49344,9910,
2003,HI,1248755,3400,22,367,,1168,1843,65867,11409,44807,9651,
2004,HI,1262124,3213,33,333,,944,1903,60525,10827,41078,8620,
2005,HI,1273278,3253,24,343,,1001,1885,61115,9792,42188,9135,
2006,HI,1285498,3608,21,353,,1144,2090,54247,8724,37784,7739,
2007,HI,1283388,3544,24,377,,1122,2021,52866,9089,37494,6283,
2008,HI,1288198,3510,26,363,,1085,2036,45944,9404,31424,5116,
2009,HI,1295178,3550,23,385,,1030,2112,47516,9244,33415,4857,
2010,HI,1363359,3603,25,377,,1065,2136,45667,8706,31681,5280,
2011,HI,1378129,3465,20,353,,994,2098,43874,8165,31240,4469,
2012,HI,1390090,3378,21,279,,1125,1953,43419,7653,31901,3865,
2013,HI,1408987,3585,32,366,508,934,2111,45266,7777,32928,4561,
2014,HI,1420257,3362,20,388,548,952,1842,46022,7470,33003,5549,
2015,HI,1431603,4201,19,400,561,1203,2418,54346,6557,42010,5779,
2016,HI,1428557,4417,35,619,447,994,2769,42753,6017,31082,5654,
1995,ID,1163000,3745,48,330,,279,3088,47444,9069,35560,2815,
1996,ID,1189000,3177,43,313,,241,2580,44532,8431,33872,2229,
1997,ID,1210000,3107,39,350,,237,2481,44388,9175,32784,2429,
1998,ID,1229000,3468,36,386,,264,2782,42185,8518,31385,2282,
1999,ID,1251700,3066,25,417,,223,2401,36363,7641,26824,1898,
2000,ID,1293953,3267,16,384,,223,2644,37961,7330,28545,2086,
2001,ID,1320585,3211,30,425,,245,2511,38181,7507,28285,2389,
2002,ID,1343124,3419,36,497,,240,2646,39128,7441,29060,2627,
2003,ID,1367034,3362,26,535,,245,2556,40042,7837,29559,2646,
2004,ID,1395140,3452,31,594,,241,2586,38799,7671,28389,2739,
2005,ID,1429367,3670,35,577,,266,2792,38556,8066,27606,2884,
2006,ID,1466465,3666,35,611,,294,2726,35135,7545,25154,2436,
2007,ID,1499402,3841,49,607,,243,2942,34124,7131,24727,2266,
2008,ID,1523816,3680,23,579,,239,2839,31940,6748,23532,1660,
2009,ID,1545801,3805,24,575,,254,2952,31220,6682,23066,1472,
2010,ID,1571102,3464,22,533,,213,2696,31436,6513,23594,1329,
2011,ID,1583744,3202,35,444,,188,2535,32875,6915,24629,1331,
2012,ID,1595590,3348,30,495,,243,2580,31825,7240,23203,1382,
2013,ID,1612843,3471,29,516,674,220,2548,30230,6693,21999,1538,
2014,ID,1634806,3439,32,463,645,203,2559,30440,6466,22297,1677,
2015,ID,1652828,3593,32,703,508,191,2667,28912,6124,20916,1872,
2016,ID,1683140,3876,49,719,529,213,2895,29357,6318,20962,2077,
1995,IL,11830000,117836,1221,4313,,39139,73163,527572,108555,357143,61874,"The state UCR Program was unable to provide 1985-2013 forcible rape figures in accordance with national UCR Program guidelines.  The rape totals were estimated using national rates per 100,000 inhabitants within the eight population groups and assigning the forcible rape volumes proportionally to the state."
1996,IL,11847000,105482,1179,4548,,33106,66649,524777,108185,358515,58077,"The state UCR Program was unable to provide 1985-2013 forcible rape figures in accordance with national UCR Program guidelines.  The rape totals were estimated using national rates per 100,000 inhabitants within the eight population groups and assigning the forcible rape volumes proportionally to the state."
1997,IL,11896000,102476,1096,4415,,33123,63842,509113,103550,350140,55423,"The state UCR Program was unable to provide 1985-2013 forcible rape figures in accordance with national UCR Program guidelines.  The rape totals were estimated using national rates per 100,000 inhabitants within the eight population groups and assigning the forcible rape volumes proportionally to the state."
1998,IL,12045000,97291,1008,4095,,29927,62261,487915,97792,337191,52932,"The state UCR Program was unable to provide 1985-2013 forcible rape figures in accordance with national UCR Program guidelines.  The rape totals were estimated using national rates per 100,000 inhabitants within the eight population groups and assigning the forcible rape volumes proportionally to the state."
1999,IL,12128370,83621,939,4297,,26365,52020,463939,86317,320954,56668,"The state UCR Program was unable to provide 1985-2013 forcible rape figures in accordance with national UCR Program guidelines.  The rape totals were estimated using national rates per 100,000 inhabitants within the eight population groups and assigning the forcible rape volumes proportionally to the state."
2000,IL,12419293,81196,898,3926,,25641,50731,445278,81850,313161,50267,"The state UCR Program was unable to provide 1985-2013 forcible rape figures in accordance with national UCR Program guidelines.  The rape totals were estimated using national rates per 100,000 inhabitants within the eight population groups and assigning the forcible rape volumes proportionally to the state."
2001,IL,12520227,79270,982,4010,,24931,49347,434648,79158,306757,48733,"The state UCR Program was unable to provide 1985-2013 forcible rape figures in accordance with national UCR Program guidelines.  The rape totals were estimated using national rates per 100,000 inhabitants within the eight population groups and assigning the forcible rape volumes proportionally to the state."
2002,IL,12586447,75759,961,4370,,25314,45114,430479,81440,304227,44812,"The state UCR Program was unable to provide 1985-2013 forcible rape figures in accordance with national UCR Program guidelines.  The rape totals were estimated using national rates per 100,000 inhabitants within the eight population groups and assigning the forcible rape volumes proportionally to the state."
2003,IL,12649087,70376,895,4189,,23786,41506,415885,78345,295907,41633,"The state UCR Program was unable to provide 1985-2013 forcible rape figures in accordance with national UCR Program guidelines.  The rape totals were estimated using national rates per 100,000 inhabitants within the eight population groups and assigning the forcible rape volumes proportionally to the state."
2004,IL,12712016,69365,780,4220,,22582,41783,403486,76088,287025,40373,"The state UCR Program was unable to provide 1985-2013 forcible rape figures in accordance with national UCR Program guidelines.  The rape totals were estimated using national rates per 100,000 inhabitants within the eight population groups and assigning the forcible rape volumes proportionally to the state."
2005,IL,12765427,70496,770,4313,,23255,42158,394670,77635,277662,39373,"The state UCR Program was unable to provide 1985-2013 forcible rape figures in accordance with national UCR Program guidelines.  The rape totals were estimated using national rates per 100,000 inhabitants within the eight population groups and assigning the forcible rape volumes proportionally to the state."
2006,IL,12831970,69498,780,4078,,23782,40858,387478,77259,272578,37641,"The state UCR Program was unable to provide 1985-2013 forcible rape figures in accordance with national UCR Program guidelines.  The rape totals were estimated using national rates per 100,000 inhabitants within the eight population groups and assigning the forcible rape volumes proportionally to the state.  Rockford, Illinois, has provided valid forcible rape counts as of 2006."
2007,IL,12852548,68528,752,4103,,23100,40573,377322,75524,267911,33887,"The state UCR Program was unable to provide 1985-2013 forcible rape figures in accordance with national UCR Program guidelines.  The rape totals were estimated using national rates per 100,000 inhabitants within the eight population groups and assigning the forcible rape volumes proportionally to the state.  Rockford, Illinois, has provided valid forcible rape counts as of 2007"
2008,IL,12901563,67780,790,4118,,24054,38818,378355,78968,266815,32572,"The state UCR Program was unable to provide 1985-2013 forcible rape figures in accordance with national UCR Program guidelines.  The rape totals were estimated using national rates per 100,000 inhabitants within the eight population groups and assigning the forcible rape volumes proportionally to the state.  Rockford, Illinois, has provided valid forcible rape counts as of 2008"
2009,IL,12910409,64185,773,3901,,22923,36588,353347,77850,248821,26676,"The state UCR Program was unable to provide 1985-2013 forcible rape figures in accordance with national UCR Program guidelines.  The rape totals were estimated using national rates per 100,000 inhabitants within the eight population groups and assigning the forcible rape volumes proportionally to the state.  Rockford, Illinois, has provided valid forcible rape counts as of 2009"
2010,IL,12841980,57132,704,3066,,20386,32976,349064,77472,242681,28911,"The state UCR Program was unable to provide 1985-2013 forcible rape figures in accordance with national UCR Program guidelines.  The rape totals were estimated using national rates per 100,000 inhabitants within the eight population groups and assigning the forcible rape volumes proportionally to the state.  Rockford, Illinois, has provided valid forcible rape counts as of 2010"
2011,IL,12859752,54523,781,3030,,20217,30495,344468,77719,237362,29387,"The state UCR Program was unable to provide 1985-2013 forcible rape figures in accordance with national UCR Program guidelines.  The rape totals were estimated using national rates per 100,000 inhabitants within the eight population groups and assigning the forcible rape volumes proportionally to the state.  Rockford, Illinois, has provided valid forcible rape counts as of 2011"
2012,IL,12868192,53556,770,3581,,19480,29725,332706,71100,235314,26292,"The state UCR Program was unable to provide 1985-2013 forcible rape figures in accordance with national UCR Program guidelines.  The rape totals were estimated using national rates per 100,000 inhabitants within the eight population groups and assigning the forcible rape volumes proportionally to the state.  Rockford, Illinois, has provided valid forcible rape counts as of 2012"
2013,IL,12890552,51956,722,3895,,17733,28161,296048,59093,216059,20896,"The state UCR Program was unable to provide 1985-2013 forcible rape figures in accordance with national UCR Program guidelines.  The rape totals were estimated using national rates per 100,000 inhabitants within the eight population groups and assigning the forcible rape volumes proportionally to the state.  Rockford, Illinois, has provided valid forcible rape counts as of 2013"
2014,IL,12882189,47775,690,3182,5340,15271,27485,269647,50759,201003,17885,
2015,IL,12839047,49755,754,4926,3602,15056,29019,256962,46846,192424,17692,
2016,IL,12801539,55854,1054,4908,3635,17827,32065,262306,47989,194407,19910,
1995,IN,5803000,30451,466,1930,4821,7844,20211,238317,47676,163618,27023,
1996,IN,5841000,31366,420,1992,,7249,21705,231376,45782,160777,24817,
1997,IN,5864000,30179,430,1928,,7763,20058,231723,48182,158442,25099,
1998,IN,5899000,25423,454,1952,,6561,16456,220529,46552,152790,21187,
1999,IN,5942901,22261,391,1607,,6496,13767,201547,42463,138794,20290,
2000,IN,6080485,21230,352,1759,,6282,12837,206905,41108,144707,21090,
2001,IN,6126743,22734,413,1716,,7171,13434,211548,42758,147291,21499,
2002,IN,6156913,22001,362,1843,,6612,13184,208965,42605,146073,20287,
2003,IN,6199571,21842,338,1720,,6401,13383,208039,41582,145686,20771,
2004,IN,6226537,20294,316,1803,,6373,11802,211929,42168,148670,21091,
2005,IN,6266019,20302,356,1856,,6809,11281,216778,43756,151278,21744,
2006,IN,6313520,20303,361,1811,,7175,10956,217783,45538,150655,21590,
2007,IN,6345289,21310,350,1738,,7845,11377,213887,46485,147999,19403,
2008,IN,6376792,21525,322,1711,,7580,11912,213639,48805,147334,17500,
2009,IN,6423113,21455,312,1621,,7347,12175,199907,48880,137190,13837,
2010,IN,6490622,20983,268,1760,,6559,12396,199274,48570,137204,13500,
2011,IN,6516353,21619,306,1758,,6977,12578,206016,50571,140630,14815,
2012,IN,6537782,22544,307,1661,,6601,13975,197994,47689,136668,13637,
2013,IN,6570713,23627,357,1623,,7114,13915,187472,42754,130534,14184,
2014,IN,6597880,24105,333,1608,2241,6894,14681,174909,36909,124144,13856,
2015,IN,6612768,25373,370,2386,1757,7081,15536,171878,34404,123940,13534,
2016,IN,6633053,26845,439,2501,1851,7330,16575,171759,34097,122931,14731,
1995,IA,2842000,10071,51,619,2404,1507,7894,106504,21527,78645,6332,
1996,IA,2852000,7771,53,561,,1286,5871,96296,18954,71893,5449,
1997,IA,2852000,8841,52,579,,1593,6617,99986,22003,71301,6682,
1998,IA,2862000,8916,54,728,,1456,6678,91272,19282,66016,5974,
1999,IA,2869413,8034,43,780,,1051,6160,84463,17012,62316,5135,
2000,IA,2926324,7796,46,676,,1071,6003,86834,16342,65118,5374,
2001,IA,2931967,7865,50,649,,1154,6012,88634,16885,66244,5505,
2002,IA,2935840,8388,44,797,,1169,6378,92877,18643,68411,5823,
2003,IA,2941976,8175,50,796,,1131,6198,87554,17515,64400,5639,
2004,IA,2952904,8499,44,782,,1160,6513,85775,17928,62214,5633,
2005,IA,2965524,8697,40,847,,1153,6657,84370,18147,60723,5500,
2006,IA,2982085,8521,55,871,,1309,6286,84202,18160,60998,5044,
2007,IA,2988046,8970,39,970,,1328,6633,79133,17176,57018,4939,
2008,IA,3002555,8651,77,937,,1249,6388,73273,16598,52299,4376,
2009,IA,3007856,8485,38,890,,1201,6356,70080,16419,49757,3904,
2010,IA,3050202,8191,38,883,,1012,6258,68740,16746,48194,3800,
2011,IA,3064097,7883,44,866,,824,6149,72043,17573,50472,3998,
2012,IA,3075039,8167,49,901,,962,6255,70357,17201,49116,4040,
2013,IA,3092341,8443,41,873,,937,6332,67976,15918,47803,4255,
2014,IA,3109481,8484,60,829,1133,1047,6227,65100,14363,46594,4143,
2015,IA,3121997,8619,73,1205,877,1050,6291,64688,14977,45328,4383,
2016,IA,3134693,9110,71,1247,922,1148,6644,65391,15030,45378,4983,
1995,KS,2565000,10792,159,938,1156,2775,6920,114558,27404,78855,8299,
1996,KS,2572000,10642,170,1096,,2476,6900,109772,25239,78145,6388,The state UCR Program was unable to provide complete 1996 offense figures in accordance with UCR guidelines.  The Kansas state estimate was extrapolated from 1996 January-June state totals provided by the Kansas State UCR Program.
1997,KS,2595000,11151,150,1179,,2535,7287,122553,24292,91823,6438,The state UCR Program was unable to provide complete 1997 offense figures in accordance with UCR guidelines.  The Kansas state estimate was extrapolated from 1996 January-June state totals provided by the Kansas State UCR Program.
1998,KS,2629000,10972,173,1128,,2287,7384,117114,24984,85329,6801,"The state UCR Program was unable to provide complete 1998 offense figures in accordance with UCR guidelines.  To arrive at 1998 estimates, 1997 state totals supplied by the Kansas State UCR Program were updated using 1998 crime trends for the West North Central Division."
1999,KS,2654052,10159,160,1065,,2047,6887,107644,21874,79722,6048,"The state UCR Program was unable to provide complete 1999 offense figures in accordance with UCR guidelines.  To arrive at the 1999 estimate for Kansas, the 1998 state total supplied by the state UCR Program was updated using 1999 crime trends for the division in which Kansas is located."
2000,KS,2688418,10470,169,1022,,2048,7231,108057,21484,80077,6496,"The state UCR Program was unable to provide complete 2000 offense figures in accordance with UCR guidelines.  To arrive at the 2000 estimate for Kansas, the 1999 state estimate was updated using 2000 crime trends for the West North Central Division."
2001,KS,2702125,10909,92,945,,2423,7449,105537,20514,77038,7985,
2002,KS,2711769,10229,78,1035,,2165,6951,100768,19679,73877,7212,
2003,KS,2724786,10831,125,1085,,2247,7374,109276,21973,79471,7832,
2004,KS,2733697,10330,122,1142,,1812,7254,109771,20146,81115,8510,
2005,KS,2748172,10701,101,1098,,1795,7707,104588,19028,76222,9338,
2006,KS,2764075,11960,125,1279,,1878,8678,104260,20086,75450,8724,
2007,KS,2775997,12730,106,1287,,2022,9315,102961,20461,73900,8600,
2008,KS,2802134,11554,113,1226,,1681,8534,94882,19651,67826,7405,
2009,KS,2818747,11460,125,1179,,1786,8370,90930,19473,65499,5958,
2010,KS,2859143,10602,97,1146,,1538,7821,89109,19315,63774,6020,
2011,KS,2870386,10209,111,1122,,1448,7528,88655,18712,63259,6684,
2012,KS,2885398,10292,85,1105,,1493,7609,91066,18874,65413,6779,
2013,KS,2895801,9928,117,1003,,1339,7177,85704,17476,61557,6671,
2014,KS,2902507,10235,92,1066,1295,1361,7299,80029,15921,57169,6939,
2015,KS,2906721,11483,126,1684,1226,1823,7850,80059,15619,57435,7005,
2016,KS,2907289,11060,111,1312,971,1671,7966,78367,14364,57066,6937,
1995,KY,3860000,14079,276,1231,1615,4001,8571,115298,28389,76906,10003,
1996,KY,3884000,12448,228,1230,,3643,7347,110531,26736,73653,10142,The state UCR Program was unable to provide complete 1996 offense figures in accordance with UCR guidelines.  The 1996 percent changes within the geographic division in which Kentucky is categorized were applied to the valid 1995 state total to generate the 1996 state total.
1997,KY,3908000,12386,228,1304,,3546,7308,109819,26638,73487,9694,The state UCR Program was unable to provide complete 1997 offense figures in accordance with UCR guidelines.  The 1996 and 1997 percent changes within the geographic division in which Kentucky is categorized were applied to the valid 1996 state total to effect the 1997 state total.
1998,KY,3936000,12909,237,1107,,3468,8097,109721,27998,71971,9752,The state UCR Program was unable to provide complete 1998 offense figures in accordance with UCR guidelines.  The state total was estimated by using 1997 figures for the nonreporting areas and applying 1997 versus 1998 percentage changes for the division in which Kentucky is located.  The estimates for the nonreporting areas were then increased by any actual 1998 crime counts received.
1999,KY,3960825,12212,203,1148,,3104,7757,104768,25180,70719,8869,"The state UCR Program was unable to provide complete 1999 offense figures in accordance with UCR guidelines.  To arrive at the 1999 estimate for Kentucky, the 1998 state total supplied by the state UCR Program was updated using 1999 crime trends for the division in which Kentucky is located."
2000,KY,4041769,11903,193,1091,,3256,7363,107723,25308,73141,9274,"The state UCR Program was unable to provide complete 2000 offense figures in accordance with UCR guidelines.  To arrive at the 2000 estimate for Kentucky, the 1999 state total supplied by the state UCR Program was updated using 2000 crime trends for the division in which Kentucky is located."
2001,KY,4068816,10510,181,1051,,3269,6009,107356,26964,71448,8944,"The state UCR Program was unable to provide complete 2001 offense figures in accordance with UCR guidelines.  To arrive at the 2001 estimate for Kentucky, the 2000 state estimate was updated using 2001 crime trends reported for the East South Central Division."
2002,KY,4089822,11101,191,1087,,3131,6692,108590,26891,72378,9321,"The state UCR Program was unable to provide complete 2002 offense figures in accordance with UCR guidelines.  To obtain the 2002 state crime count, the FBI contacted the state UCR Program, and the state agency was able to provide their latest state total, 2000.  Therefore, the 2001 state estimate was updated for inclusion in the 2002 edition of Crime in the United States by using the 2001 crime trends for the division in which the state is located.  To derive the 2002 state estimate, the 2002 crime trends for the division were applied to the adjusted 2001 state estimate."
2003,KY,4118189,10232,181,1124,,3224,5703,103370,26034,69083,8253,"The state UCR Program was unable to provide complete 2002 offense figures in accordance with UCR guidelines.  To obtain the 2002 state crime count, the FBI contacted the state UCR Program, and the state agency was able to provide their latest state total, 2000.  Therefore, the 2001 state estimate was updated for inclusion in the 2002 edition of Crime in the United States by using the 2001 crime trends for the division in which the state is located.  To derive the 2002 state estimate, the 2002 crime trends for the division were applied to the adjusted 2001 state estimate."
2004,KY,4141835,10152,236,1238,,3268,5410,105209,25902,70535,8772,
2005,KY,4172608,11134,190,1421,,3690,5833,105608,26458,70354,8796,
2006,KY,4206074,11361,173,1312,,3850,6026,109428,27867,72197,9364,
2007,KY,4241474,12329,206,1365,,4068,6690,107987,27820,71489,8678,
2008,KY,4269245,12690,201,1457,,4080,6952,114492,29556,77279,7657,
2009,KY,4314113,11000,184,1531,,3642,5643,108914,29880,72938,6096,
2010,KY,4347223,10604,188,1438,,3748,5230,111170,30443,74488,6239,
2011,KY,4366814,10465,151,1499,,3705,5110,119037,32750,79586,6701,
2012,KY,4379730,9852,201,1312,,3547,4792,112800,29877,76199,6724,
2013,KY,4399583,9280,172,951,,3247,4215,104448,26331,72048,6069,
2014,KY,4412617,9495,164,1098,1646,3343,4432,99909,23426,70108,6375,
2015,KY,4424611,9887,219,1644,1165,3314,4710,97545,22526,67143,7876,
2016,KY,4436974,10308,260,1641,1174,3369,5038,97158,20834,66438,9886,
1995,LA,4342000,43741,740,1855,1492,11662,29484,246132,53481,166667,25984,
1996,LA,4351000,40426,762,1805,,12036,25823,257130,56379,173271,27480,
1997,LA,4352000,37248,682,1799,,10407,24360,243423,53935,163114,26374,
1998,LA,4369000,34057,560,1609,,8651,23237,232378,51210,157507,23661,
1999,LA,4372035,32033,468,1448,,7591,22526,219219,47775,149749,21695,
2000,LA,4468976,30440,560,1497,,7532,20851,211904,46289,144345,21270,
2001,LA,4470368,30678,501,1403,,7864,20910,207693,46451,139555,21687,
2002,LA,4476192,29690,593,1529,,7123,20445,198838,45350,133302,20186,
2003,LA,4493665,28622,584,1601,,7008,19429,193698,44572,129471,19655,
2004,LA,4506685,28844,574,1616,,6564,20090,199153,45359,134080,19714,
2005,LA,4507331,26889,450,1421,,5337,19681,166611,39382,112840,14389,
2006,LA,4287768,30923,555,1587,,5928,22853,174975,46703,112605,15667,
2007,LA,4293204,31789,625,1427,,6316,23421,180516,46932,118291,15293,
2008,LA,4410796,29613,544,1250,,6241,21578,171179,45524,112091,13564,
2009,LA,4492076,28878,529,1351,,6150,20848,172619,46928,114102,11589,
2010,LA,4545343,25241,500,1230,,5297,18214,165667,45437,110260,9970,
2011,LA,4574766,25373,506,1262,,5235,18370,168529,46242,113174,9113,
2012,LA,4602134,22839,489,1155,,5458,15737,162673,42037,112764,7872,
2013,LA,4629284,24127,494,1248,,5539,16331,165679,41214,115300,9165,
2014,LA,4648990,23983,476,981,1763,5725,16400,161192,38541,113251,9400,
2015,LA,4668960,25202,492,1733,1246,5561,17416,157708,35457,112520,9731,
2016,LA,4681666,26502,554,1816,1328,5576,18556,154386,34667,109380,10339,
1995,ME,1241000,1631,25,265,1723,334,1007,39132,9015,28444,1673,
1996,ME,1243000,1553,25,260,,292,976,40636,9303,29557,1776,
1997,ME,1242000,1500,25,254,,257,964,37396,8241,27513,1642,
1998,ME,1244000,1566,26,225,,263,1052,36261,8295,26457,1509,
1999,ME,1253040,1404,25,239,,243,897,34618,7532,25392,1694,"The state UCR Program was unable to provide complete 1999 offense figures in accordance with UCR guidelines.  The Maine Department of Public Safety forwarded monthly January through October crime counts for each law enforcement contributor; since 12 months of data were not received, the national Program estimated for the missing data following standard estimation procedures to arrive at a 1999 state total."
2000,ME,1274923,1397,15,320,,247,815,32003,6775,23906,1322,
2001,ME,1284470,1435,19,326,,264,826,33154,6898,24585,1671,
2002,ME,1294894,1396,14,377,,270,735,32985,6965,24591,1429,
2003,ME,1309205,1422,16,354,,289,763,32078,6579,24043,1456,
2004,ME,1314985,1364,18,315,,289,742,31740,6341,24096,1303,
2005,ME,1318220,1483,19,326,,323,815,31889,6323,24218,1348,
2006,ME,1321574,1533,23,341,,383,786,33658,6846,25465,1347,
2007,ME,1317207,1565,20,392,,349,804,32249,6745,24228,1276,
2008,ME,1316456,1572,31,379,,333,829,32433,6559,24695,1179,
2009,ME,1318301,1580,26,375,,399,780,31706,6729,23955,1022,
2010,ME,1327379,1621,24,389,,412,796,32900,7364,24547,989,
2011,ME,1328544,1638,26,394,,370,848,33829,7865,24886,1078,
2012,ME,1328501,1626,26,372,,420,808,33398,7476,24931,991,
2013,ME,1328702,1761,24,366,,335,907,30454,6480,23063,911,
2014,ME,1330256,1698,21,346,495,304,889,26427,5035,20591,801,
2015,ME,1329453,1726,23,461,337,311,931,24361,4694,18853,814,
2016,ME,1331479,1648,20,412,300,266,950,21912,4003,17134,775,
1995,MD,5042000,49757,596,2130,474,21334,25697,267625,53320,178126,36179,
1996,MD,5072000,47230,588,1905,,19944,24793,260231,50331,173817,36083,
1997,MD,5094000,43127,502,1814,,17157,23654,244842,47918,166256,30668,
1998,MD,5135000,40903,513,1714,,15339,23337,234624,47393,159019,28212,
1999,MD,5171634,38447,465,1551,,13636,22795,215973,43230,147296,25447,
2000,MD,5296486,41663,430,1543,,13560,26130,213422,39426,145423,28573,
2001,MD,5386079,42088,446,1449,,13525,26668,219512,41553,145934,32025,
2002,MD,5450525,42015,513,1370,,13417,26715,217105,39765,143320,34020,
2003,MD,5512310,38778,525,1358,,13302,23593,209418,38641,134372,36405,
2004,MD,5561332,38961,521,1317,,12772,24351,202474,36704,129888,35882,
2005,MD,5589599,39369,552,1266,,14378,23173,198483,35922,128491,34070,
2006,MD,5615727,38111,546,1178,,14376,22011,195484,37459,127502,30523,
2007,MD,5618344,36063,554,1179,,13258,21072,192796,37095,127308,28393,
2008,MD,5633597,35393,493,1127,,13203,20570,198165,38849,133983,25333,
2009,MD,5699478,33625,440,1156,,12007,20022,182295,36905,125771,19619,
2010,MD,5785681,31607,426,1228,,11054,18899,173309,36704,118578,18027,
2011,MD,5839572,28817,399,1200,,10342,16876,166846,35823,114951,16072,
2012,MD,5884868,28086,373,1237,,10173,16303,162309,33803,113550,14956,
2013,MD,5938737,28235,384,1179,,10048,16124,157918,31950,112551,13417,
2014,MD,5975346,26767,362,1144,1679,9565,15208,150390,28134,109140,13116,
2015,MD,5994983,28185,538,1717,1209,10111,15819,142547,26432,102701,13414,
2016,MD,6016447,28400,481,1756,1266,10289,15874,137445,24692,100919,11834,
1995,MA,6074000,41739,217,1759,1666,9137,30626,221971,49669,135586,36716,
1996,MA,6092000,39122,157,1767,,7778,29420,194636,42896,119562,32178,
1997,MA,6118000,39411,119,1647,,6676,30969,185437,40491,115494,29452,
1998,MA,6147000,38192,124,1687,,5938,30443,173011,37333,109275,26403,
1999,MA,6175169,34023,122,1663,,5931,26307,167437,32964,108845,25628,
2000,MA,6349097,30230,125,1696,,5815,22594,161901,30600,105425,25876,
2001,MA,6401164,30585,143,1856,,6476,22110,167079,32430,106821,27828,
2002,MA,6421800,31137,173,1777,,7169,22018,167753,33243,107922,26588,
2003,MA,6420357,30377,140,1848,,8011,20378,164543,34963,104069,25511,
2004,MA,6407382,29489,171,1794,,7484,20040,158150,34497,101605,22048,
2005,MA,6433367,29644,178,1751,,7837,19878,151727,34728,98079,18920,
2006,MA,6437193,32217,188,1771,,8080,22178,153943,35243,100725,17975,
2007,MA,6449755,28487,187,1643,,7021,19636,154743,35767,103925,15051,
2008,MA,6497967,30137,166,1751,,7077,21143,155919,36251,106913,12755,
2009,MA,6593587,30503,173,1734,,7467,21129,153178,34515,106799,11864,
2010,MA,6555466,30737,214,1784,,6897,21842,154496,37903,105124,11469,
2011,MA,6607003,28232,184,1654,,6768,19626,148829,36403,101644,10782,
2012,MA,6645303,27047,121,1650,,6555,18721,143325,34635,99453,9237,
2013,MA,6708874,27264,138,1722,,6705,18118,137274,30716,97437,9121,
2014,MA,6755124,26689,133,1625,2303,6077,18277,125481,24951,92226,8304,
2015,MA,6784240,26453,131,2082,1538,5266,18974,114547,21826,84676,8045,
2016,MA,6811779,25677,134,2128,1592,5365,18050,106339,19193,79088,8058,
1995,MI,9549000,65680,808,5917,2075,17885,41070,429223,86872,280712,61639,
1996,MI,9594000,60951,722,5466,,16907,37856,430020,85908,276909,67203,
1997,MI,9774000,57663,759,5070,,14934,36900,422916,80726,276863,65327,
1998,MI,9817000,60947,721,4946,,15293,39987,398773,82249,258186,58338,
1999,MI,9863775,56709,695,4849,,14103,37062,369887,76736,236351,56800,
2000,MI,9938444,55159,669,5025,,13712,35753,353297,69790,227783,55724,
2001,MI,10006266,55424,672,5264,,12937,36551,352353,72038,226708,53607,
2002,MI,10043221,54306,678,5364,,11847,36417,335060,70970,214367,49723,
2003,MI,10082364,51550,612,5470,,11254,34214,330565,68316,208538,53711,
2004,MI,10104206,49737,643,5482,,11336,32276,309805,64233,194988,50584,
2005,MI,10100833,55936,629,5199,,13348,36760,312892,70527,194090,48275,
2006,MI,10095643,56981,721,5347,,14229,36684,325594,76313,199183,50098,
2007,MI,10071822,53765,661,4592,,13365,35147,308550,75273,191289,41988,
2008,MI,10003422,51512,554,4507,,13246,33205,295100,74787,184558,35755,
2009,MI,9969727,49825,623,4524,,12427,32251,284019,76046,178628,29345,
2010,MI,9877143,48693,580,4733,,11522,31858,271501,74345,169748,27408,
2011,MI,9876801,43731,617,4344,,10263,28507,251329,69755,156666,24908,
2012,MI,9882519,44962,701,4635,,10423,29203,249249,65560,158609,25080,
2013,MI,9898193,44757,625,4506,,10093,27254,230135,56256,149794,24085,
2014,MI,9916306,42555,544,4500,6785,8037,27610,202692,44328,137142,21222,
2015,MI,9917715,41712,585,6710,4782,7818,26599,191191,40375,132019,18797,
2016,MI,9928300,45572,598,7125,5114,7120,30729,189620,39568,129876,20176,
1995,MN,4610000,16416,182,2593,6450,5702,7939,190911,36756,138414,15741,
1996,MN,4658000,15782,167,2327,,5385,7903,192109,35515,138671,17923,
1997,MN,4686000,15827,129,2446,,5373,7879,191006,35265,137872,17869,
1998,MN,4725000,14656,121,2358,,4371,7806,176541,32486,128689,15366,
1999,MN,4775508,13085,134,2038,,3917,6996,158717,27706,117736,13275,
2000,MN,4919479,13813,151,2240,,3713,7709,157798,26116,118250,13432,
2001,MN,4984535,13145,119,2236,,3758,7032,165046,25496,124519,15031,
2002,MN,5024791,13428,112,2273,,3937,7106,164026,28034,122150,13842,
2003,MN,5064172,13316,127,2092,,3906,7191,157663,27698,116216,13749,
2004,MN,5096546,13751,113,2123,,4070,7445,155019,28048,113453,13518,
2005,MN,5126739,15243,115,2258,,4724,8146,158301,29716,114304,14281,"All agencies 1993 and 2005-Present (with the exception of Minneapolis and St. Paul) - The data collection methodology for the offense of forcible rape used by the State Uniform Crime Reporting (UCR) Program does not comply with national UCR Program guidelines. Consequently, their figures for forcible rape and violent crime (of which forcible rape is part) are not included in this tool."
2006,MN,5167101,16042,126,1645,,5441,8830,159276,30306,115693,13277,"All agencies 1993 and 2005-Present (with the exception of Minneapolis and St. Paul) - The data collection methodology for the offense of forcible rape used by the State Uniform Crime Reporting (UCR) Program does not comply with national UCR Program guidelines. Consequently, their figures for forcible rape and violent crime (of which forcible rape is part) are not included in this tool."
2007,MN,5197621,15054,116,1873,,4770,8295,158257,29717,115892,12648,"All agencies 1993 and 2005-Present (with the exception of Minneapolis and St. Paul) - The data collection methodology for the offense of forcible rape used by the State Uniform Crime Reporting (UCR) Program does not comply with national UCR Program guidelines. Consequently, their figures for forcible rape and violent crime (of which forcible rape is part) are not included in this tool."
2008,MN,5220393,13853,110,1805,,4179,7759,149517,26558,112764,10195,"All agencies 1993 and 2005-Present (with the exception of Minneapolis and St. Paul) - The data collection methodology for the offense of forcible rape used by the State Uniform Crime Reporting (UCR) Program does not comply with national UCR Program guidelines. Consequently, their figures for forcible rape and violent crime (of which forcible rape is part) are not included in this tool."
2009,MN,5266214,12874,74,1789,,3619,7392,139286,25580,105160,8546,"All agencies 1993 and 2005-Present (with the exception of Minneapolis and St. Paul) - The data collection methodology for the offense of forcible rape used by the State Uniform Crime Reporting (UCR) Program does not comply with national UCR Program guidelines. Consequently, their figures for forcible rape and violent crime (of which forcible rape is part) are not included in this tool."
2010,MN,5310658,12515,96,1798,,3388,7233,136431,24415,103429,8587,"All agencies 1993 and 2005-Present (with the exception of Minneapolis and St. Paul) - The data collection methodology for the offense of forcible rape used by the State Uniform Crime Reporting (UCR) Program does not comply with national UCR Program guidelines. Consequently, their figures for forcible rape and violent crime (of which forcible rape is part) are not included in this tool."
2011,MN,5347299,12323,75,2113,,3385,6750,136183,25681,102354,8148,"All agencies 1993 and 2005-Present (with the exception of Minneapolis and St. Paul) - The data collection methodology for the offense of forcible rape used by the State Uniform Crime Reporting (UCR) Program does not comply with national UCR Program guidelines. Consequently, their figures for forcible rape and violent crime (of which forcible rape is part) are not included in this tool."
2012,MN,5379646,12419,99,1638,,3475,7207,138152,25378,104316,8458,"All agencies 1993 and 2005-Present (with the exception of Minneapolis and St. Paul) - The data collection methodology for the offense of forcible rape used by the State Uniform Crime Reporting (UCR) Program does not comply with national UCR Program guidelines. Consequently, their figures for forcible rape and violent crime (of which forcible rape is part) are not included in this tool."
2013,MN,5422060,12710,114,1453,,3674,6908,131193,22713,100514,7966,"All agencies 1993 and 2005-Present (with the exception of Minneapolis and St. Paul) - The data collection methodology for the offense of forcible rape used by the State Uniform Crime Reporting (UCR) Program does not comply with national UCR Program guidelines. Consequently, their figures for forcible rape and violent crime (of which forcible rape is part) are not included in this tool."
2014,MN,5457125,12505,88,1448,2014,3687,6729,125377,20773,96237,8367,"All agencies 1993 and 2005-Present (with the exception of Minneapolis and St. Paul) - The data collection methodology for the offense of forcible rape used by the State Uniform Crime Reporting (UCR) Program does not comply with national UCR Program guidelines. Consequently, their figures for forcible rape and violent crime (of which forcible rape is part) are not included in this tool."
2015,MN,5482435,13319,133,2321,1679,3771,7094,121984,19299,94704,7981,"All agencies 1993 and 2005-Present (with the exception of Minneapolis and St. Paul) - The data collection methodology for the offense of forcible rape used by the State Uniform Crime Reporting (UCR) Program does not comply with national UCR Program guidelines. Consequently, their figures for forcible rape and violent crime (of which forcible rape is part) are not included in this tool."
2016,MN,5519952,13394,101,2348,1731,3728,7217,117756,18606,90422,8728,
1995,MS,2697000,13560,348,1054,2321,3530,8628,108195,30505,67967,9723,
1996,MS,2716000,13261,301,981,,3646,8333,109581,30755,69299,9527,
1997,MS,2731000,12808,358,1065,,3741,7644,113644,32429,71887,9328,
1998,MS,2752000,11302,315,1026,,3394,6567,109345,31498,68525,9322,
1999,MS,2768619,9671,213,1156,,3091,5211,108560,29109,65919,13532,
2000,MS,2844658,10267,255,1019,,2703,6290,103644,26918,69758,6968,
2001,MS,2859733,10006,282,1147,,3294,5283,109609,29821,70315,9473,
2002,MS,2866733,9858,264,1127,,3356,5111,109584,29593,70468,9523,
2003,MS,2882594,9336,267,1079,,3016,4974,106867,29564,68307,8996,
2004,MS,2900768,8568,227,1161,,2503,4677,100980,27661,65440,7879,
2005,MS,2908496,8131,214,1147,,2405,4365,95231,26866,60873,7492,
2006,MS,2910540,9076,231,1039,,3259,4547,92853,27117,57406,8330,
2007,MS,2918785,8502,202,1033,,2896,4371,90887,27223,56473,7191,
2008,MS,2938618,8942,236,958,,3079,4669,85488,25506,53730,6252,
2009,MS,2951996,8451,194,991,,2969,4297,87327,29559,52329,5439,
2010,MS,2970072,7999,204,931,,2777,4087,88596,30453,52784,5359,
2011,MS,2977457,8009,232,863,,2496,4418,89809,30722,54179,4908,
2012,MS,2986450,7769,213,819,,2277,4460,83933,28084,51520,4329,
2013,MS,2992206,8303,217,726,,2413,4649,81548,24969,52192,4387,
2014,MS,2993443,8331,259,768,1024,2405,4585,86887,23898,58515,4474,
2015,MS,2989390,8190,253,1158,851,2312,4467,85785,25068,56446,4271,
2016,MS,2988726,8383,238,1277,905,2397,4471,82732,23354,55054,4324,
1995,MO,5324000,35339,469,1711,1203,10863,22296,237278,49649,162430,25199,
1996,MO,5359000,31669,433,1566,,9142,20528,240781,47919,168870,23992,
1997,MO,5402000,31192,426,1525,,8430,20811,228889,46900,155472,26517,
1998,MO,5439000,30222,399,1463,,8116,20244,232284,47455,160363,24466,
1999,MO,5468338,27353,359,1439,,7149,18406,223010,42476,157550,22984,
2000,MO,5595211,27419,347,1351,,7598,18123,225919,41685,159539,24695,
2001,MO,5637309,30472,372,1383,,7771,20946,238411,42977,167420,28014,
2002,MO,5669544,30557,331,1465,,7024,21737,230520,42721,159921,27878,
2003,MO,5719204,28067,289,1400,,6686,19692,233564,41997,161616,29951,
2004,MO,5759532,28226,354,1479,,6630,19763,224629,40472,158264,25893,
2005,MO,5797703,30477,402,1625,,7196,21254,227809,42822,159288,25699,
2006,MO,5842713,31897,369,1764,,7597,22167,224007,44734,153874,25399,
2007,MO,5878415,32962,367,1785,,7728,23082,225113,44897,156319,23897,
2008,MO,5911605,29701,456,1612,,7395,20238,216522,45763,150002,20757,
2009,MO,5987580,29513,387,1606,,7437,20083,201783,43591,140764,17428,
2010,MO,5995715,27440,420,1445,,6185,19390,200858,44197,140526,16135,
2011,MO,6008984,26888,366,1469,,6275,18778,199085,44875,138879,15331,
2012,MO,6024522,27189,390,1527,,5782,19490,199813,42510,140971,16332,
2013,MO,6044917,26216,369,1679,,5486,18056,189655,38797,134514,16344,
2014,MO,6063827,26882,404,1728,2305,5592,18483,176436,35293,124769,16374,
2015,MO,6076204,30292,503,2573,1858,6383,20833,173788,34029,122749,17010,
2016,MO,6093000,31644,537,2554,1884,6570,21983,170549,31710,120544,18295,
1995,MT,870000,1491,35,231,2553,253,972,40246,5060,32797,2389,
1996,MT,879000,1415,34,238,,261,882,38084,4908,30928,2248,The state UCR Program was unable to provide complete 1996 offense figures in accordance with UCR guidelines.  The 1995 and 1996 percent changes within the geographic division in which Montana is categorized were applied to the valid 1995 state total to generate the 1996 state total.
1997,MT,879000,1161,42,171,,179,769,37592,5002,30411,2179,The state UCR Program was unable to provide complete 1997 offense figures in accordance with UCR guidelines.  The 1996 and 1997 percent changes within the geographic division in which Montana is categorized were applied to the valid 1996 state total to effect the 1997 state total.
1998,MT,880000,1797,18,235,,232,1312,36564,4575,29940,2049,The state UCR Program was unable to provide complete 1998 offense figures in accordance with UCR guidelines.  The state total was estimated by using 1997 figures for the nonreporting areas and applying 1997 versus 1998 percentage changes for the division in which Montana is located.  The estimates for the nonreporting areas were then increased by any actual 1998 crime counts received.
1999,MT,882779,2090,22,293,,239,1536,29103,3876,23353,1874,"The state UCR Program was unable to provide complete 1999 offense figures in accordance with UCR guidelines.  To arrive at the 1999 estimate for Montana, the 1998 state total supplied by the state UCR Program was updated using 1999 crime trends for the division in which Montana is located."
2000,MT,902195,2807,20,308,,203,2276,32198,3624,26678,1896,"The state UCR Program was unable to provide complete 2000 offense figures in accordance with UCR guidelines.  To arrive at the 2000 estimate for Montana, the 1999 state total supplied by the state UCR Program was updated using 2000 crime trends for the division in which Montana is located."
2001,MT,905382,3187,34,188,,230,2735,30175,3670,24684,1821,
2002,MT,910372,3197,16,237,,283,2661,28751,3289,23679,1783,
2003,MT,918157,3351,30,246,,298,2777,28428,3722,22800,1906,
2004,MT,926920,2723,30,273,,233,2187,27215,3515,22082,1618,
2005,MT,934737,2634,18,301,,177,2138,29407,3642,23794,1971,
2006,MT,944632,3564,33,348,,233,2950,26986,3380,21659,1947,
2007,MT,957861,3638,27,363,,233,3015,27837,3476,22315,2046,
2008,MT,967440,3013,40,358,,204,2411,26300,3689,20834,1777,
2009,MT,974989,2798,32,357,,228,2181,24826,3686,19528,1612,
2010,MT,990958,2733,25,332,,154,2222,25409,3692,20166,1551,
2011,MT,997667,2755,29,366,,171,2189,23885,3347,19089,1449,"2011 - because of changes in the state's reporting practices, figures are not comparable to previous years' data."
2012,MT,1005494,2803,29,392,,202,2180,26102,3920,20484,1698,
2013,MT,1014864,2924,23,382,,217,2217,26195,4122,20192,1881,
2014,MT,1023252,3361,38,396,467,202,2563,25525,3639,19826,2060,
2015,MT,1032073,3647,38,572,405,210,2827,27276,3887,20966,2423,
2016,MT,1042520,3840,36,578,414,266,2960,27976,3934,21299,2743,
1995,NE,1637000,6253,48,317,547,1067,4821,68140,10344,52044,5752,
1996,NE,1652000,7182,48,447,,1052,5635,66110,10152,50315,5643,
1997,NE,1657000,7265,50,406,,1097,5712,63717,9813,48363,5541,The state UCR Program was unable to provide complete 1997 offense figures in accordance with UCR guidelines.  The 1996 and 1997 percent changes within the geographic division in which New Hampshire is categorized were applied to the valid 1996 state total to effect the 1997 state total.
1998,NE,1663000,7507,51,417,,1290,5749,65752,10544,49420,5788,The state UCR Program was unable to provide complete 1998 offense figures in accordance with UCR guidelines.  The state total was estimated by using 1997 figures for the nonreporting areas and applying 1997 versus 1998 percentage changes for the division in which New Hampshire is located.  The estimates for the nonreporting areas were then increased by any actual 1998 crime counts received.
1999,NE,1666028,7167,60,414,,1264,5429,61277,10158,45679,5440,The state UCR Program was unable to provide complete 1999 offense figures in accordance with UCR guidelines.  The state total for New Hampshire was estimated by using the 1998 figures for the 1999 nonreporting areas and applying the 2-year percent change for the New England Division.
2000,NE,1711263,5606,63,436,,1147,3960,64479,10131,49118,5230,
2001,NE,1720039,5214,43,431,,1128,3612,68963,9760,52713,6490,
2002,NE,1727564,5428,48,464,,1359,3557,68178,10329,51440,6409,
2003,NE,1737475,5105,56,504,,1165,3380,65189,10133,48924,6132,
2004,NE,1747704,5393,40,620,,1138,3595,61512,9826,46399,5287,
2005,NE,1758163,5052,44,581,,1040,3387,60348,9408,45359,5581,
2006,NE,1768331,5197,51,577,,1136,3433,59411,9535,44710,5166,
2007,NE,1774571,5524,71,550,,1115,3788,55765,9035,41484,5246,
2008,NE,1783432,5570,69,601,,1297,3603,51350,8731,38394,4225,
2009,NE,1796619,5199,41,617,,1220,3321,49731,8726,37496,3509,
2010,NE,1830141,5093,54,674,,1020,3345,48827,8318,36896,3613,
2011,NE,1842234,4672,68,699,,993,2912,50894,8725,38060,4109,
2012,NE,1855350,4802,52,710,,1128,2912,51203,8745,38301,4157,
2013,NE,1868969,4949,56,621,,1035,3011,49197,8945,35791,4461,
2014,NE,1882980,5201,53,645,847,1044,3226,47526,7936,35063,4527,
2015,NE,1893765,5167,62,885,648,994,3226,42597,6443,32148,4006,
2016,NE,1907116,5550,49,994,738,946,3561,43163,6444,31994,4725,
1995,NV,1530000,14461,163,937,873,4966,8395,86203,20235,54563,11405,
1996,NV,1603000,13005,220,856,,4931,6998,83047,19558,52295,11194,
1997,NV,1677000,13395,187,1005,,5071,7132,88307,21975,53112,13220,
1998,NV,1747000,11244,170,911,,4453,5710,81006,19873,47367,13766,
1999,NV,1809253,10311,165,943,,4209,4994,73874,17613,43167,13094,
2000,NV,1998257,10474,129,860,,4543,4942,74823,17526,44125,13172,
2001,NV,2097722,12359,180,883,,4932,6364,77486,17711,45073,14702,
2002,NV,2167455,13856,181,928,,5118,7629,83896,18951,47459,17486,
2003,NV,2242207,13813,197,871,,5225,7520,96128,21958,53321,20849,
2004,NV,2332898,14379,172,954,,4905,8348,98215,23142,52438,22635,
2005,NV,2412301,14654,206,1016,,4702,8730,102424,23481,52012,26931,
2006,NV,2495529,18687,226,1092,,7038,10331,102338,24902,50429,27007,
2007,NV,2565382,19365,193,1096,,6938,11138,97118,24911,49844,22363,
2008,NV,2600167,18973,165,1106,,6486,11216,90006,24254,49814,15938,
2009,NV,2643085,18639,156,1024,,6028,11431,80976,22115,46463,12398,
2010,NV,2704283,17929,158,965,,5298,11508,75004,22286,42533,10185,
2011,NV,2720028,15452,139,913,,4308,10092,70075,20342,40156,9577,
2012,NV,2754354,16763,124,931,,4918,10790,77510,22120,45372,10018,
2013,NV,2791494,16888,163,1090,,5183,10060,79177,23047,46132,9998,
2014,NV,2838281,18043,170,987,1482,5954,10562,74574,21924,42466,10184,
2015,NV,2883758,20118,178,1688,1232,6287,11965,77137,22360,43426,11351,
2016,NV,2940058,19936,224,1733,1292,6340,11639,76047,18850,44017,13180,
1995,NH,1148000,1314,21,333,1688,314,646,29170,4806,22698,1666,
1996,NH,1162000,1373,20,404,,317,632,31436,5063,24611,1762,
1997,NH,1173000,1328,16,395,,274,643,29635,4612,23430,1593,
1998,NH,1185000,1270,18,400,,255,597,27405,3852,22079,1474,
1999,NH,1201134,1159,18,345,,257,539,26247,3698,21195,1354,
2000,NH,1235786,2167,22,522,,453,1170,27901,4992,20761,2148,
2001,NH,1259359,2144,17,458,,445,1224,27089,4889,20060,2140,
2002,NH,1274405,2056,12,446,,413,1185,26250,4838,19468,1944,
2003,NH,1288705,1937,17,438,,480,1002,26456,4589,19934,1933,
2004,NH,1299169,2202,17,466,,500,1219,26658,4979,19723,1956,
2005,NH,1306819,1761,19,406,,365,971,24031,4192,18493,1346,
2006,NH,1314895,1785,13,295,,435,1042,26060,4395,20179,1486,
2007,NH,1315828,1896,12,357,,451,1076,26394,5074,19909,1411,
2008,NH,1315809,2054,14,385,,421,1234,28387,4266,22714,1407,
2009,NH,1324575,2125,11,399,,454,1261,28790,4915,22748,1127,
2010,NH,1316807,2204,13,411,,450,1330,29230,5444,22789,997,
2011,NH,1317807,2864,16,581,,509,1758,32756,6244,25398,1114,
2012,NH,1321617,2841,15,486,,471,1869,32074,5988,25024,1062,
2013,NH,1322616,2952,21,522,,645,1708,30409,5283,24188,938,
2014,NH,1327996,2625,16,438,778,544,1469,26098,4191,21051,856,
2015,NH,1330111,2692,15,644,468,475,1558,23453,3482,19076,895,
2016,NH,1334795,2637,17,582,423,427,1611,20194,2963,16360,871,
1995,NJ,7945000,47652,409,1927,627,22486,22830,326056,69533,206339,50184,
1996,NJ,7988000,42459,338,1976,,18838,21307,303657,63259,193961,46437,
1997,NJ,8053000,39673,337,1729,,16957,20650,287038,60894,184979,41165,
1998,NJ,8115000,35720,325,1623,,15109,18663,260810,54459,171166,35185,
1999,NJ,8143412,33540,287,1409,,14243,17601,243333,46998,160978,35357,
2000,NJ,8414350,32298,289,1357,,13553,17099,233637,43924,155562,34151,
2001,NJ,8511116,33094,336,1278,,14110,17370,240551,46812,156031,37708,
2002,NJ,8575252,32252,339,1365,,13955,16593,227715,43899,148061,35755,
2003,NJ,8642412,31488,406,1288,,13342,16452,220350,43457,142287,34606,
2004,NJ,8685166,30943,392,1331,,13076,16144,211313,41030,139977,30306,
2005,NJ,8703150,30919,417,1208,,13215,16079,203391,38980,136728,27683,
2006,NJ,8724560,30550,427,1201,,13360,15562,198820,39384,134687,24749,
2007,NJ,8685920,28544,381,1032,,12567,14564,192338,37234,133145,21959,
2008,NJ,8682661,28351,376,1122,,12701,14152,199127,40402,138545,20180,
2009,NJ,8707739,27113,319,1041,,11639,14114,180752,36945,128303,15504,
2010,NJ,8799593,27055,371,981,,11818,13885,183042,38732,128754,15556,
2011,NJ,8834773,27203,380,1006,,12209,13608,189719,43238,129066,17415,
2012,NJ,8867749,25727,388,1035,,11385,12919,181481,42338,122662,16481,
2013,NJ,8911502,25748,404,861,,12084,12071,167634,35883,118005,13746,
2014,NJ,8938844,23319,352,953,1189,10499,11188,154945,31707,111534,11704,
2015,NJ,8935421,22879,363,1373,1019,9729,11414,145701,27960,105963,11778,
2016,NJ,8944469,21914,372,1453,1089,8984,11105,138152,25284,101540,11328,
1995,NM,1685000,13804,148,954,1373,2604,10098,94508,24383,61478,8647,
1996,NM,1713000,14399,197,1088,,2782,10332,98698,23586,65139,9973,
1997,NM,1730000,14762,134,872,,2966,10790,104721,25126,67188,12407,
1998,NM,1737000,16700,190,957,,2839,12714,100011,24213,65031,10767,
1999,NM,1739844,14520,170,944,,2579,10827,89220,21481,59613,8126,
2000,NM,1819046,13786,135,922,,2499,10230,86605,21339,57925,7341,
2001,NM,1830935,14288,99,850,,2695,10644,83095,19552,56406,7137,
2002,NM,1852044,13719,152,1027,,2206,10334,80477,19634,53406,7437,
2003,NM,1878562,12535,116,940,,1937,9542,76816,18997,50595,7224,
2004,NM,1903006,13081,169,1039,,2062,9811,79895,19924,52069,7902,
2005,NM,1925985,12448,144,1041,,1893,9370,79575,20939,50707,7929,
2006,NM,1954599,12797,134,1073,,2095,9495,76000,20906,45864,9230,
2007,NM,1969915,13311,183,1028,,2323,9777,75168,20823,45442,8903,
2008,NM,1984356,12967,161,1118,,2151,9537,75718,20706,46995,8017,
2009,NM,2009671,12709,198,1069,,1932,9510,74639,21955,46182,6502,
2010,NM,2065913,12147,140,959,,1616,9432,70776,21023,44503,5250,
2011,NM,2078674,11904,158,856,,1720,9170,73549,21419,46730,5400,
2012,NM,2083540,11660,116,957,,1847,8740,75094,21384,48247,5463,
2013,NM,2086895,12990,123,1135,,1832,9470,78958,21828,51146,5984,
2014,NM,2085567,12465,101,1070,1565,2086,8797,73877,18505,49082,6290,
2015,NM,2080328,13672,117,1663,1218,2485,9407,77212,17084,51485,8643,
2016,NM,2081015,14619,139,1526,1117,2737,10217,81931,17281,52907,11743,
1995,NY,18136000,152683,1550,4290,1672,72492,74351,674342,146562,425184,102596,
1996,NY,18185000,132206,1353,4174,,61822,64857,619250,129828,399522,89900,
1997,NY,18137000,124890,1093,4075,,56094,63628,584438,118306,386435,79697,
1998,NY,18175000,115915,924,3843,,49125,62023,536287,104821,363295,68171,
1999,NY,18196601,107147,903,3563,,43821,58860,489596,93217,338118,58261,
2000,NY,18976457,105111,952,3530,,40539,60090,483078,87946,340901,54231,
2001,NY,19084350,98022,960,3546,,36555,56961,458003,80400,329316,48287,
2002,NY,19134293,95030,909,3885,,36653,53583,442091,76700,318025,47366,
2003,NY,19212425,89486,934,3775,,35790,48987,432079,75453,311422,45204,
2004,NY,19280727,84914,889,3608,,33506,46911,422734,70696,311036,41002,
2005,NY,19315721,85839,874,3636,,35179,46150,405990,68034,302220,35736,
2006,NY,19306183,84016,922,3168,,34459,45467,398577,68617,297827,32133,
2007,NY,19297729,79962,805,2928,,31085,45144,383624,64914,290681,28029,
2008,NY,19490297,77546,836,2798,,31787,42125,388599,65544,297962,25093,
2009,NY,19541453,75110,781,2582,,28141,43606,377537,62769,292897,21871,
2010,NY,19395206,76492,868,2797,,28630,44197,379710,65839,293232,20639,
2011,NY,19501616,77463,769,2751,,28405,45538,371837,65227,287361,19249,
2012,NY,19576125,79535,683,2837,,28633,47382,375268,64389,293562,17317,"2012 -because of changes in the state/local agency's reporting practices, figures are not comparable to previous years' data."
2013,NY,19695680,77563,644,2575,,27241,46130,358603,56444,286676,15483,
2014,NY,19748858,75972,616,4316,3548,24036,45295,339113,50738,272624,15751,
2015,NY,19747183,75126,613,6141,4414,23879,44493,317225,44117,257837,15271,
2016,NY,19745289,74285,630,6260,4569,22316,45079,305181,39821,250968,14392,
1995,NC,7195000,46508,677,2320,6074,12896,30615,359256,101995,234911,22350,
1996,NC,7323000,43068,619,2289,,12001,28159,361616,98539,238511,24566,
1997,NC,7425000,45071,614,2348,,12817,29292,362672,100002,238228,24442,
1998,NC,7546000,43723,612,2311,,12133,28667,357892,99951,233325,24616,
1999,NC,7650789,41474,552,2155,,12087,26680,354497,98457,230463,25577,
2000,NC,8049313,40051,560,2181,,12595,24715,355921,97888,232767,25266,
2001,NC,8206105,40465,505,2083,,13304,24573,363777,101889,237241,24647,
2002,NC,8305820,39118,548,2196,,12205,24169,353708,99535,229307,24866,
2003,NC,8421190,38243,506,2139,,12229,23369,359660,100687,232081,26892,
2004,NC,8540468,38244,532,2339,,11782,23591,355328,101193,227147,26988,
2005,NC,8672459,40650,585,2302,,12635,25128,353855,104298,221091,28466,
2006,NC,8856505,42088,539,2495,,13468,25586,364549,107333,227114,30102,
2007,NC,9061032,42231,584,2386,,13534,25727,369893,108700,233241,27952,
2008,NC,9222414,43125,599,2296,,14323,25907,372763,111556,234480,26727,
2009,NC,9380884,37946,489,2306,,11825,23326,343707,107830,215923,19954,
2010,NC,9560234,34679,474,2002,,9620,22583,329202,102826,208057,18319,
2011,NC,9651103,33421,498,1959,,9448,21516,337806,105534,215453,16819,
2012,NC,9748364,34464,479,1984,,9392,22609,328594,99323,213151,16120,
2013,NC,9848917,33587,463,1790,,9275,21325,305631,90182,201043,14406,
2014,NC,9940387,32718,498,1738,2524,8411,21377,285498,79266,192609,13623,
2015,NC,10035186,34734,517,2591,1886,8821,22805,275915,74760,187732,13423,
2016,NC,10146788,37769,678,2849,2086,9336,24906,277765,72082,190377,15306,
1995,ND,641000,556,6,146,2684,64,340,17817,2248,14421,1148,
1996,ND,644000,541,14,155,,71,301,16648,1991,13433,1224,
1997,ND,641000,559,6,159,,41,353,16821,2300,13367,1154,
1998,ND,638000,570,7,212,,65,286,16535,2274,13134,1127,
1999,ND,633666,424,10,142,,56,216,14748,2337,11375,1036,
2000,ND,642200,523,4,169,,56,294,14171,2093,11092,986,
2001,ND,636550,505,7,164,,60,274,14834,2165,11583,1086,
2002,ND,633911,496,5,163,,58,270,14762,2243,11501,1018,
2003,ND,633400,508,9,160,,53,286,13364,1959,10327,1078,
2004,ND,636308,558,8,177,,43,330,12493,2040,9516,937,
2005,ND,634605,706,12,180,,54,460,12848,2043,9732,1073,
2006,ND,635867,1255,14,241,,75,925,13359,2601,9672,1086,
2007,ND,639715,1343,17,252,,75,999,12796,2314,9500,982,
2008,ND,641481,1441,11,331,,73,1026,13029,2336,9782,911,
2009,ND,646844,1723,12,296,,107,1308,12813,2426,9474,913,
2010,ND,674629,1548,10,245,,90,1203,12010,2000,9137,873,
2011,ND,684740,1699,24,266,,91,1318,13334,2458,9891,985,
2012,ND,701345,1723,25,279,,127,1292,14297,2429,10687,1181,
2013,ND,723857,1979,16,288,,161,1447,15356,2979,10942,1435,
2014,ND,740040,2001,23,275,355,175,1421,15857,2751,11559,1547,
2015,ND,756835,1949,21,391,285,159,1378,17716,3296,12686,1734,
2016,ND,757952,1903,15,342,256,181,1365,17402,3243,12195,1964,
1995,OH,11151000,53799,600,4835,345,19931,28433,437424,93539,297624,46261,
1996,OH,11173000,47896,538,4617,,18336,24405,449935,93336,311071,45528,
1997,OH,11186000,48706,523,4566,,17755,25862,455799,94972,315908,45419,
1998,OH,11209000,40628,443,4543,,14960,20682,444438,90805,310612,43021,
1999,OH,11256654,35616,397,4129,,14405,16685,414264,87023,288049,39192,
2000,OH,11353140,37935,418,4271,,15610,17636,420939,88636,293277,39026,
2001,OH,11389785,40023,452,4466,,17199,17906,435115,96910,295976,42229,
2002,OH,11408699,40128,526,4809,,17871,16922,428976,99164,287045,42767,
2003,OH,11437680,38185,526,4660,,16895,16104,417483,95083,281383,41017,
2004,OH,11450143,38787,506,4744,,17429,16108,419337,96518,282168,40651,
2005,OH,11470685,40162,590,4671,,18673,16228,420705,100183,279051,41471,
2006,OH,11478006,41491,560,4770,,19418,16743,423334,105639,279718,37977,
2007,OH,11466917,40759,529,4661,,18351,17218,397681,99049,264677,33955,
2008,OH,11485910,40436,547,4531,,18706,16652,391667,102428,260788,28451,
2009,OH,11542645,38305,527,4119,,17670,15989,376446,104009,249777,22660,
2010,OH,11537968,36306,479,3730,,16486,15611,376836,107125,248581,21130,
2011,OH,11541007,35218,500,3679,,15991,15048,380572,112901,246744,20927,
2012,OH,11553031,34827,478,3813,,15396,15140,370435,105312,245372,19751,
2013,OH,11572005,33722,478,3594,,14483,14370,338414,91090,227799,19525,
2014,OH,11596998,33130,464,3825,4391,12780,14658,322517,79466,224942,18109,
2015,OH,11605090,34373,522,5441,3990,12617,15793,303743,69994,216354,17395,
2016,OH,11614373,34877,654,5589,4141,12523,16111,299357,66883,212807,19667,
1995,OK,3278000,21770,400,1461,5149,3788,16121,161693,41694,103727,16272,
1996,OK,3301000,19710,223,1545,,3519,14423,166892,41447,109506,15939,
1997,OK,3317000,18560,229,1517,,3446,13368,163698,40015,109039,14644,
1998,OK,3347000,18053,204,1513,,3078,13258,149426,38268,97593,13565,
1999,OK,3358044,17066,231,1375,,2785,12675,140220,34472,93616,12132,
2000,OK,3450654,17177,182,1422,,2615,12958,140125,31661,96116,12348,
2001,OK,3469577,17726,185,1486,,2746,13309,141679,34573,94537,12569,
2002,OK,3489700,17587,163,1573,,2966,12885,148128,35171,100185,12772,
2003,OK,3506469,17758,206,1501,,3224,12827,151208,34846,103404,12958,
2004,OK,3523546,17635,186,1557,,3090,12802,149472,35244,101271,12957,
2005,OK,3543442,18044,187,1481,,3230,13146,143406,35692,93814,13900,
2006,OK,3579212,17905,210,1488,,3145,13062,129728,34437,81853,13438,
2007,OK,3617316,18234,224,1565,,3392,13053,128714,34367,80747,13600,
2008,OK,3642361,19359,215,1471,,3698,13975,126535,35247,80265,11023,
2009,OK,3687050,18560,234,1535,,3358,13433,132350,38071,83813,10466,
2010,OK,3760184,18100,195,1469,,3345,13091,129464,37848,81303,10313,
2011,OK,3784163,17311,212,1410,,3288,12401,127618,36462,80064,11092,
2012,OK,3815780,18102,220,1622,,3248,13012,130969,36094,83131,11744,
2013,OK,3853118,17187,198,1715,,3023,11652,126418,33512,81624,11282,
2014,OK,3879610,16052,180,1361,2314,3073,10937,117445,29963,76719,10763,
2015,OK,3907414,16746,240,1953,1418,3018,11535,114055,28783,74678,10594,
2016,OK,3923561,17648,245,2039,1509,3162,12202,117037,29103,75779,12155,
1995,OR,3141000,16408,129,1309,1849,4332,10638,189765,34640,133075,22050,
1996,OR,3204000,14837,129,1272,,3914,9522,177295,31664,128618,17013,
1997,OR,3243000,14412,95,1306,,3811,9200,188916,33507,136129,19280,
1998,OR,3282000,13778,126,1307,,3452,8893,171545,30442,123841,17262,
1999,OR,3316154,12432,88,1219,,2858,8267,153434,26749,113052,13633,
2000,OR,3421399,12000,70,1286,,2888,7756,153780,25618,114230,13932,
2001,OR,3473441,10650,84,1174,,2749,6643,164524,26648,123034,14842,
2002,OR,3520355,10298,72,1238,,2742,6246,161145,25696,118925,16524,
2003,OR,3564330,10506,68,1218,,2847,6373,169863,28562,122327,18974,
2004,OR,3591363,10724,90,1283,,2751,6600,166475,30072,117868,18535,
2005,OR,3638871,10444,80,1266,,2478,6620,160199,27621,113316,19262,
2006,OR,3700758,10534,88,1219,,2711,6516,137858,24324,98897,14637,
2007,OR,3747455,11015,76,1276,,2864,6799,132773,22979,95157,14637,
2008,OR,3790060,9909,87,1183,,2656,5983,125169,21115,92677,11377,
2009,OR,3825657,9968,88,1202,,2499,6179,114780,19739,85064,9977,
2010,OR,3838332,9648,96,1239,,2421,5892,116657,20035,87494,9128,
2011,OR,3868229,9643,84,1239,,2237,6083,121869,20704,92059,9106,
2012,OR,3899801,9638,91,1159,,2419,5969,126417,22051,94114,10252,
2013,OR,3928068,9536,82,1000,,2394,5596,125083,20808,94363,9912,
2014,OR,3971202,10294,84,1165,1464,2270,6320,123142,18690,94177,10275,
2015,OR,4024634,10680,110,1650,1193,2163,6757,119752,18541,90514,10697,
2016,OR,4093465,10830,113,1721,1261,2278,6718,121345,16866,91286,13193,
1995,PA,12072000,51586,755,3046,1593,22858,24927,354623,67815,236991,49817,
1996,PA,12056000,57905,686,3034,,22784,31401,370851,71357,250758,48736,
1997,PA,12020000,53140,705,3289,,18788,30358,359323,68218,246892,44213,
1998,PA,12001000,50470,633,3223,,19787,26827,342318,63777,235873,42668,
1999,PA,11994016,50431,592,3279,,18670,27890,323021,56037,227750,39234,
2000,PA,12281054,51584,602,3247,,18155,29580,316274,54080,225869,36325,
2001,PA,12303104,50432,651,3467,,17500,28814,313408,54345,223350,35713,
2002,PA,12328827,49578,624,3731,,17163,28060,300868,55610,212441,32817,
2003,PA,12370761,49210,647,3556,,17980,27027,300639,53918,213279,33442,
2004,PA,12394471,50998,650,3535,,18474,28339,299611,54443,214199,30969,
2005,PA,12405348,52761,756,3586,,19214,29205,300444,56134,214916,29394,
2006,PA,12440621,55028,741,3611,,21095,29581,304589,57739,217142,29708,
2007,PA,12432792,51806,725,3443,,19440,28198,293850,56091,211248,26511,
2008,PA,12448279,51044,705,3485,,18873,27981,300294,58687,219115,22492,
2009,PA,12604767,48188,664,3626,,17504,26394,277182,54772,204588,17822,
2010,PA,12717722,46612,653,3472,,16375,26112,276366,55206,204440,16720,
2011,PA,12743948,46189,639,3339,,16165,26046,283442,57966,208604,16872,
2012,PA,12764475,45384,707,3371,,15735,25571,276562,57040,204409,15113,
2013,PA,12781296,42825,611,2728,,14739,23680,263176,52000,197410,13766,
2014,PA,12793767,40298,610,2785,3795,13545,22304,246982,45718,188211,13053,
2015,PA,12791904,40348,665,4299,3105,12965,22419,231941,39573,180236,12132,
2016,PA,12784227,40447,661,4433,3233,12326,23027,222795,35520,174228,13047,
1995,RI,990000,3643,33,267,4305,914,2429,38378,9234,24780,4364,
1996,RI,990000,3437,25,287,,824,2301,36099,8135,23367,4597,
1997,RI,987000,3292,25,363,,707,2197,32777,7083,21499,4195,
1998,RI,988000,3084,24,351,,659,2050,31672,6452,21391,3829,
1999,RI,990819,2840,36,391,,788,1625,32657,6341,22284,4032,
2000,RI,1048319,3121,45,412,,922,1742,33323,6620,22038,4665,
2001,RI,1059659,3278,39,416,,986,1837,35742,6824,23875,5043,
2002,RI,1068326,3051,41,395,,916,1699,35342,6415,24051,4876,
2003,RI,1076084,3074,25,505,,830,1714,32231,5524,22320,4387,
2004,RI,1079916,2673,26,320,,731,1596,31166,5465,21623,4078,
2005,RI,1073579,2710,34,323,,776,1577,29287,5319,19567,4401,
2006,RI,1067610,2460,27,289,,740,1404,27914,5453,18852,3609,
2007,RI,1057832,2424,19,258,,760,1387,27576,5206,19175,3195,
2008,RI,1050788,2656,31,282,,880,1463,29895,5766,20926,3203,
2009,RI,1053209,2678,32,296,,785,1565,27558,5753,19403,2402,
2010,RI,1052528,2709,29,298,,782,1600,26959,6124,18432,2403,
2011,RI,1050646,2586,20,319,,744,1503,27976,6836,18765,2375,
2012,RI,1050304,2657,26,292,,715,1614,27039,5929,18478,2632,
2013,RI,1053354,2710,31,333,,683,1547,25741,5621,17881,2239,
2014,RI,1054907,2320,26,264,449,530,1398,22982,4830,16317,1835,
2015,RI,1055607,2565,31,467,342,547,1520,20038,3938,14714,1386,
2016,RI,1056426,2524,29,442,328,540,1513,20058,3788,14674,1596,
1995,SC,3673000,36067,292,1737,459,6461,27577,186656,46083,126416,14157,
1996,SC,3699000,36875,332,1821,,6361,28361,192986,47487,129650,15849,
1997,SC,3760000,37235,314,1837,,6624,28460,193402,46322,131325,15755,
1998,SC,3836000,34647,306,1753,,5943,26645,186960,44600,126412,15948,
1999,SC,3885736,32920,258,1587,,5760,25315,173987,39630,119912,14445,
2000,SC,4012012,33225,291,1660,,6220,25054,181290,40319,125385,15586,
2001,SC,4062125,33114,330,1769,,5987,25028,186054,42611,126742,16701,
2002,SC,4103770,33761,298,1959,,5774,25730,183808,43745,123196,16867,
2003,SC,4148744,33455,303,1952,,5801,25399,187592,43993,127809,15790,
2004,SC,4197892,33160,286,1772,,5468,25634,190456,43739,130991,15726,
2005,SC,4246933,32590,314,1862,,5657,24757,185606,42741,126489,16376,
2006,SC,4321249,33322,362,1834,,5902,25224,184712,42952,125075,16685,
2007,SC,4407709,34630,364,1773,,6354,26139,189304,45398,126802,17104,
2008,SC,4479800,32746,307,1686,,6595,24158,189950,45964,126316,17670,
2009,SC,4561242,30799,305,1663,,5753,23078,178310,45443,119250,13617,
2010,SC,4637106,27923,265,1551,,5017,21090,181098,46261,121544,13293,
2011,SC,4673348,27894,320,1678,,4631,21265,183243,47351,122255,13637,
2012,SC,4723417,26474,332,1712,,4511,19919,181049,45222,122340,13487,
2013,SC,4771929,24263,305,1739,,3965,17760,173261,40930,119730,12601,
2014,SC,4829160,24038,322,1522,2233,4018,17513,168281,37163,118173,12945,
2015,SC,4894834,24448,407,2439,1717,3950,17652,162830,34942,114778,13110,
2016,SC,4961119,24896,366,2387,1711,4035,18108,160928,32976,114032,13920,
1995,SD,729000,1513,13,299,2297,189,1012,20799,3942,15976,881,
1996,SD,732000,1297,9,300,,138,850,20443,4077,15532,834,
1997,SD,738000,1457,10,357,,172,918,22491,4088,17545,858,
1998,SD,738000,1139,10,258,,149,722,18227,3458,14006,763,
1999,SD,733133,1227,18,336,,103,770,18159,3255,14043,861,
2000,SD,754844,1259,7,305,,131,816,16252,2896,12558,798,
2001,SD,758324,1171,7,351,,103,710,16473,3087,12571,815,
2002,SD,760437,1350,11,361,,117,861,15992,3034,12139,819,
2003,SD,764905,1329,10,356,,104,859,15324,2878,11572,874,
2004,SD,770621,1319,17,336,,112,854,14885,3148,10890,847,
2005,SD,774883,1387,18,377,,145,847,13694,2505,10350,839,
2006,SD,781919,2071,30,465,,158,1418,13812,3024,9954,834,
2007,SD,796214,1926,31,433,,118,1344,13829,2647,10398,784,
2008,SD,804194,2227,37,562,,134,1494,13867,2683,10266,918,
2009,SD,812383,1777,30,501,,117,1129,14378,2621,10891,866,
2010,SD,816598,2196,23,385,,154,1634,15188,3192,11196,800,
2011,SD,823593,2105,20,503,,167,1415,15299,2927,11423,949,
2012,SD,834047,2701,23,600,,157,1921,17326,3280,12973,1073,
2013,SD,845510,2733,18,454,,156,2052,16274,3383,11955,936,
2014,SD,853304,2801,23,336,507,199,2101,16036,2817,12209,1010,
2015,SD,857919,3302,33,500,367,215,2554,16739,2969,12576,1194,
2016,SD,865454,3621,27,509,379,272,2813,17141,3000,12639,1502,
1995,TN,5256000,40549,557,2477,495,11732,25783,241315,60086,147143,34086,
1996,TN,5320000,41175,503,2475,,11902,26295,248729,61896,152405,34428,
1997,TN,5368000,42389,511,3056,,11487,27335,253484,62899,156843,33742,
1998,TN,5431000,38832,460,2485,,9667,26220,234588,58432,148057,28099,
1999,TN,5483535,38111,391,2415,,8598,26707,219302,51362,142685,25255,
2000,TN,5689283,40233,410,2186,,9465,28172,237985,56344,154111,27530,
2001,TN,5749398,42776,423,2196,,10219,29938,252992,59705,165015,28272,
2002,TN,5789796,41562,420,2290,,9413,29439,249399,61248,161610,26541,
2003,TN,5845208,40409,396,2129,,9413,28471,256565,63323,166769,26473,
2004,TN,5893298,41113,357,2282,,8863,29611,254991,60386,169828,24777,
2005,TN,5955745,45104,431,2194,,10009,32470,256093,61508,169357,25228,
2006,TN,6038803,46043,419,2194,,11143,32287,249860,63024,164183,22653,
2007,TN,6156719,46482,405,2201,,11033,32843,252342,61817,168807,21718,
2008,TN,6214888,44913,412,2078,,10804,31619,251089,65093,166793,19203,
2009,TN,6296254,41933,468,2019,,9653,29793,237157,63832,158309,15016,
2010,TN,6357436,38909,359,2173,,8361,28016,232855,64293,153729,14833,
2011,TN,6399787,38895,380,2095,,8082,28338,230900,62830,153928,14142,
2012,TN,6454914,41213,400,2047,,8151,30615,217925,56231,148731,12963,
2013,TN,6497269,38063,335,1904,,7333,27895,207683,51334,144443,11906,
2014,TN,6547779,39989,369,1870,2500,7268,29757,200911,46798,141464,12649,
2015,TN,6595056,40816,418,2801,2032,7499,30098,196047,43753,139259,13035,
2016,TN,6651194,42097,486,2714,1991,7813,31084,189835,40312,134404,15119,
1995,TX,18724000,124303,1693,8563,2676,33667,80380,940033,202642,632468,104923,
1996,TX,19128000,123270,1477,8376,,32804,80613,968732,204390,659414,104928,
1997,TX,19439000,117126,1327,8011,,30522,77266,948231,201059,645451,101721,
1998,TX,19760000,111566,1346,7913,,28677,73630,898496,194883,606967,96646,
1999,TX,20044141,112306,1217,7614,,29405,74070,896261,190362,613862,92037,
2000,TX,20851820,113653,1238,7856,,30257,74302,919658,188975,637522,93161,
2001,TX,21370983,122155,1332,8169,,35348,77306,976654,204362,669625,102667,
2002,TX,21736925,126018,1302,8508,,37580,78628,1004274,212602,688992,102680,
2003,TX,22103374,122246,1422,8025,,37017,75782,1016735,219877,698644,98214,
2004,TX,22471549,121554,1364,8388,,35817,75985,1010702,220118,696507,94077,
2005,TX,22928508,121091,1407,8511,,35790,75383,990293,219828,677042,93423,
2006,TX,23507783,121602,1386,8429,,37256,74531,959846,215710,648711,95425,
2007,TX,23904380,122014,1419,8460,,38778,73357,985421,228320,663101,94000,
2008,TX,24326974,123585,1370,8055,,37739,76421,969865,230046,654435,85384,
2009,TX,24782302,121684,1330,8311,,38022,74021,995082,240058,678455,76569,
2010,TX,25253466,113231,1249,7622,,32843,71517,951246,228597,654626,68023,
2011,TX,25631778,104734,1130,7486,,28620,67498,892810,215755,613131,63924,
2012,TX,26060796,106475,1148,7715,,30385,67227,876459,205002,606425,65032,
2013,TX,26505637,108757,1140,7610,,31810,65351,862289,191062,605440,65787,
2014,TX,26979078,109711,1192,8400,10456,31021,65862,813515,168085,577018,68412,
2015,TX,27429639,113193,1317,12323,8941,31924,67629,779234,153067,558653,67514,
2016,TX,27862596,121042,1478,13367,9858,33317,72880,768947,148740,551151,69056,
1995,UT,1951000,6415,76,834,12250,1309,4196,112417,15623,89202,7592,
1996,UT,2000000,6638,63,836,,1377,4362,113079,16965,87542,8572,
1997,UT,2059000,6878,50,977,,1408,4443,116569,18335,89090,9144,
1998,UT,2100000,6599,65,875,,1385,4274,109025,17070,84255,7700,
1999,UT,2129836,5869,44,806,,1158,3861,100130,14592,78156,7382,
2000,UT,2233169,5711,43,863,,1242,3563,94247,14348,73438,6461,
2001,UT,2278712,5314,67,896,,1197,3154,90993,13804,70676,6513,
2002,UT,2318789,5488,47,943,,1140,3358,97641,15124,74795,7722,
2003,UT,2352119,5889,60,919,,1258,3652,100084,16961,75321,7802,
2004,UT,2420708,5647,46,967,,1236,3398,97762,15225,74889,7648,
2005,UT,2490334,5612,56,920,,1095,3541,95546,14971,72082,8493,
2006,UT,2550063,5771,51,891,,1242,3587,89572,14721,66480,8371,
2007,UT,2645330,6347,59,935,,1425,3928,93082,15594,68573,8915,
2008,UT,2736424,6165,41,915,,1421,3788,92373,14766,70299,7308,
2009,UT,2784572,5998,39,941,,1304,3714,91751,15258,69556,6937,
2010,UT,2775479,5925,53,983,,1269,3620,88316,15095,67242,5979,
2011,UT,2814347,5547,50,901,,1079,3517,84084,13170,64727,6187,
2012,UT,2854871,5939,52,975,,1105,3807,86284,13095,67157,6032,
2013,UT,2902787,6644,51,926,,1247,3824,88334,13727,67115,7492,
2014,UT,2944498,6464,66,1114,1522,1313,3538,85473,11656,66487,7330,
2015,UT,2990632,7138,57,1704,1247,1329,4048,89797,12606,68464,8727,
2016,UT,3051217,7407,72,1520,1116,1541,4274,90058,12836,67834,9388,
1995,VT,585000,692,13,165,1645,64,450,19395,4451,14150,794,
1996,VT,589000,714,11,159,,91,453,16973,3964,12124,885,
1997,VT,589000,705,9,156,,79,461,15953,3611,11542,800,The state UCR Program was unable to provide complete 1997 offense figures in accordance with UCR guidelines.  The 1996 and 1997 percent changes within the geographic division in which Vermont is categorized were applied to the valid 1996 state total to effect the 1997 state total.
1998,VT,591000,628,13,163,,56,396,17924,3966,13084,874,
1999,VT,593740,676,17,136,,65,458,16059,3537,11610,912,
2000,VT,608827,691,9,140,,117,425,17494,3501,13184,809,
2001,VT,612978,644,7,107,,107,423,16334,3150,12426,758,
2002,VT,616408,658,13,126,,77,442,14942,3489,10684,769,
2003,VT,619343,707,15,126,,62,504,13803,3017,10132,654,
2004,VT,621233,713,16,160,,78,459,14559,3435,10537,587,
2005,VT,622387,782,8,153,,76,545,14749,3185,10894,670,
2006,VT,623908,905,14,173,,114,604,14920,3443,10857,620,
2007,VT,621254,802,13,128,,79,582,14702,3200,10853,649,
2008,VT,621270,854,17,133,,93,611,15903,3515,11802,586,
2009,VT,621760,837,8,132,,111,586,15010,3471,11090,449,
2010,VT,625909,820,7,141,,76,596,14160,3348,10373,439,
2011,VT,626592,925,11,146,,99,669,15086,3838,10720,528,
2012,VT,625953,891,8,131,,114,638,15653,4179,11014,460,
2013,VT,626855,775,10,113,,75,554,13882,3352,10193,337,
2014,VT,626767,643,10,85,136,72,444,9721,2092,7375,254,
2015,VT,626088,747,10,150,104,105,482,9064,2034,6834,196,
2016,VT,624594,989,14,178,124,106,691,10602,2103,8217,282,
1995,VA,6618000,23921,503,1799,136,8718,12901,240084,39388,181333,19363,
1996,VA,6675000,22782,500,1783,,8181,12318,242100,39255,184237,18608,
1997,VA,6734000,23249,488,1819,,8384,12558,237773,38475,180406,18892,
1998,VA,6791000,22115,422,1810,,7171,12712,226461,38094,170012,18355,
1999,VA,6872912,21626,392,1720,,6947,12567,210260,32411,159896,17953,
2000,VA,7078515,19943,401,1616,,6295,11631,194405,30434,146158,17813,
2001,VA,7196750,20939,364,1770,,6860,11945,207506,31604,157060,18842,
2002,VA,7287829,21256,388,1839,,6961,12068,207783,31757,157548,18478,
2003,VA,7365284,20490,416,1807,,6713,11554,200449,29105,153367,17977,
2004,VA,7481332,20608,390,1816,,6899,11503,200368,28759,154154,17455,
2005,VA,7564327,21434,458,1763,,7495,11718,200404,29829,154584,15991,
2006,VA,7642884,21683,403,1829,,7779,11672,190257,32166,143292,14799,
2007,VA,7712091,21035,415,1793,,7696,11131,191763,32028,145634,14101,
2008,VA,7769089,20031,370,1794,,7470,10397,196726,32188,151191,13347,
2009,VA,7882590,18195,370,1572,,6342,9911,194020,31956,150374,11690,
2010,VA,8023953,17184,376,1580,,5678,9550,187403,30804,145990,10609,
2011,VA,8104384,16014,304,1591,,5425,8694,182902,30656,142476,9770,
2012,VA,8186628,15676,322,1505,,4718,9131,178434,29651,139654,9129,
2013,VA,8270345,16355,320,1476,,4574,9111,171558,26717,136215,8626,
2014,VA,8328098,16522,350,1687,2350,4294,9462,161934,23210,131001,7723,
2015,VA,8367587,16705,390,2499,1767,4459,9357,157803,21542,128064,8197,
2016,VA,8411808,18302,484,2737,1965,4803,10278,156412,20018,126606,9788,
1995,WA,5431000,26300,275,3214,2340,7209,15602,314213,59265,224861,30087,
1996,WA,5533000,23857,255,2828,,6587,14187,303111,58512,215706,28893,
1997,WA,5610000,24724,244,2885,,6734,14864,307742,62064,213823,31855,
1998,WA,5689000,24380,224,2740,,6577,14839,309419,60446,213773,35200,
1999,WA,5756361,21716,171,2711,,5808,13026,280793,54652,192334,33807,
2000,WA,5894121,21788,196,2737,,5812,13043,279144,53476,190650,35018,
2001,WA,5993390,21258,179,2600,,5934,12545,287234,53024,195133,39077,
2002,WA,6067060,20964,184,2734,,5797,12249,288967,54948,193526,40493,
2003,WA,6131298,21272,182,2863,,5718,12509,291542,58271,192653,40618,
2004,WA,6207046,21330,190,2857,,5866,12417,300837,60632,196972,43233,
2005,WA,6291899,21745,205,2811,,5788,12941,307661,60343,198031,49287,
2006,WA,6395798,22303,197,2748,,6424,12934,288456,58843,183179,46434,
2007,WA,6468424,21768,174,2653,,6079,12862,261776,52874,170782,38120,
2008,WA,6549224,21888,193,2653,,6419,12623,249283,53136,167013,29134,
2009,WA,6664195,22412,190,2583,,6711,12928,245215,53047,168421,23747,
2010,WA,6742950,21138,154,2579,,5929,12476,249426,55192,168490,25744,
2011,WA,6823267,20152,163,2320,,5627,12042,244209,56561,162828,24820,
2012,WA,6895318,20553,217,2250,,5801,12285,254377,61376,166338,26663,
2013,WA,6973742,20223,167,2072,,5829,11623,259139,58487,172227,28425,
2014,WA,7063166,20185,178,1999,2604,5641,11586,261257,55381,175317,30559,
2015,WA,7160290,20505,218,2778,2006,5450,12059,249474,51114,171393,26967,
2016,WA,7288000,22023,195,3077,2259,5651,13100,254653,49180,173187,32286,
1995,WV,1828000,3842,89,388,2705,781,2584,41093,10329,27724,3040,
1996,WV,1826000,3836,69,358,,737,2672,41510,9979,28300,3231,
1997,WV,1816000,3971,75,355,,782,2759,40868,10647,26934,3287,
1998,WV,1811000,4503,78,339,,676,3410,41627,11110,27127,3390,
1999,WV,1806928,6336,79,337,,661,5259,42825,10303,28760,3762,
2000,WV,1808344,5723,46,331,,749,4597,41344,9890,28139,3315,
2001,WV,1800975,5035,40,320,,707,3968,41085,9601,28268,3216,
2002,WV,1804884,4221,57,328,,657,3179,41099,9677,27524,3898,
2003,WV,1811440,4627,73,311,,701,3542,42370,10498,28409,3463,
2004,WV,1812548,5110,68,346,,774,3922,46326,10994,31566,3766,
2005,WV,1814083,4968,82,335,,816,3735,47757,11334,32603,3820,
2006,WV,1818470,5113,80,404,,853,3776,47941,11579,32305,4057,
2007,WV,1812035,5016,65,388,,847,3716,45620,10822,31321,3477,
2008,WV,1814468,5006,67,389,,896,3654,45971,10840,31967,3164,
2009,WV,1819777,5554,84,470,,914,4086,46215,12005,31453,2757,
2010,WV,1854368,5586,58,362,,776,4390,41301,10778,28104,2419,
2011,WV,1854908,5497,87,372,,802,4236,39009,10245,26656,2108,
2012,WV,1856680,5943,70,415,,835,4623,44500,11466,30800,2234,
2013,WV,1853595,5657,62,367,,653,4242,39929,9908,28055,1966,
2014,WV,1848751,5850,84,417,700,655,4517,38282,9368,26954,1960,
2015,WV,1841053,6397,85,710,493,783,4819,38694,9467,26984,2243,
2016,WV,1831102,6557,81,657,468,720,5099,37487,9301,25677,2509,
1995,WI,5123000,14399,219,1194,672,5384,7602,184665,31416,134623,18626,
1996,WI,5160000,13039,204,1086,,4982,6767,184143,30356,135941,17846,
1997,WI,5170000,13988,205,1048,,5214,7521,176145,29503,131002,15640,
1998,WI,5224000,13009,190,1037,,4474,7308,172084,29740,128134,14210,The state UCR Program was unable to provide complete 1998 offense figures in accordance with UCR guidelines.  The state total was estimated by using 1997 figures for the nonreporting areas and applying 1997 versus 1998 percentage changes for the division in which Wisconsin is located.  The estimates for the nonreporting areas were then increased by any actual 1998 crime counts received.
1999,WI,5250446,12908,179,1055,,4449,7225,160154,25633,120702,13819,
2000,WI,5363675,12700,169,1165,,4537,6829,159424,25183,119605,14636,
2001,WI,5405947,12486,192,1142,,4444,6708,166924,26927,125275,14722,
2002,WI,5439692,12238,154,1237,,4713,6134,164749,27926,123365,13458,
2003,WI,5474290,12104,183,1202,,4397,6322,157684,26546,118775,12363,
2004,WI,5503533,11548,154,1136,,4067,6191,146710,23854,111482,11374,
2005,WI,5527644,13367,206,1135,,4555,7471,147556,24448,110531,12577,
2006,WI,5556506,15899,165,1233,,5564,8937,156748,27038,115682,14028,
2007,WI,5601640,16330,185,1227,,5480,9438,159305,27890,117957,13458,
2008,WI,5627967,15507,146,1128,,5163,9070,155456,27459,116456,11541,
2009,WI,5654774,14650,146,1118,,4904,8482,147692,26813,111947,8932,
2010,WI,5691659,14167,155,1191,,4516,8305,142781,26636,107993,8152,
2011,WI,5709843,14268,138,1190,,4600,8340,139912,27167,104472,8273,
2012,WI,5724554,16254,169,1228,,4692,10165,140780,27931,104619,8230,
2013,WI,5742953,16118,163,1308,,4834,9285,125694,24358,93946,7390,
2014,WI,5759432,16763,159,1216,1836,5101,9826,120535,21375,89255,9905,
2015,WI,5767891,17549,240,1805,1324,5234,10270,114171,19602,83572,10997,
2016,WI,5778708,17679,229,1979,1458,4706,10765,111720,19425,82337,9958,
1995,WY,480000,1220,10,165,1780,86,959,19517,2938,15774,805,
1996,WY,481000,1201,16,140,,98,947,19261,3184,15408,669,
1997,WY,480000,1225,17,137,,85,986,18843,2998,15198,647,
1998,WY,481000,1191,23,133,,78,957,17124,2696,13759,669,
1999,WY,479602,1115,11,137,,74,893,15468,2349,12523,596,
2000,WY,493782,1316,12,160,,70,1074,14969,2078,12318,573,
2001,WY,493754,1272,9,153,,84,1026,16120,2481,12943,696,
2002,WY,498830,1364,15,148,,93,1108,16494,2448,13303,743,
2003,WY,502111,1314,14,136,,84,1080,16648,2611,13239,798,
2004,WY,505887,1163,11,112,,67,973,16889,2738,13352,799,
2005,WY,508798,1172,14,122,,78,958,16070,2426,12905,739,
2006,WY,515004,1307,13,151,,72,1071,15381,2322,12255,804,
2007,WY,522830,1344,21,172,,84,1067,15053,2365,11875,813,
2008,WY,532668,1330,12,185,,87,1046,14515,2198,11584,733,
2009,WY,544270,1196,11,172,,78,935,14243,2176,11310,757,
2010,WY,564554,1117,8,162,,77,870,13869,2151,11126,592,
2011,WY,567356,1245,18,146,,71,1010,12878,1864,10493,521,
2012,WY,576626,1161,14,154,,61,932,13222,2125,10513,584,
2013,WY,583223,1212,17,144,,74,917,12809,1956,10275,578,
2014,WY,584304,1142,16,127,204,53,899,11477,1689,9185,603,
2015,WY,586555,1300,16,171,124,59,1054,11151,1762,8797,592,
2016,WY,585501,1430,20,205,150,59,1146,11460,1771,8889,800,
