ori,months_reported,sex_acts,sex_acts_cleared,sex_acts_juvenile_cleared,servitude,servitude_cleared,servitude_juvenile_cleared
AR06003,1,1,1,0,0,0,0
AR07201,3,3,1,0,0,0,0
CO00101,5,8,4,0,0,0,0
CO00300,3,1,0,0,4,0,0
CO00311,1,0,0,0,1,0,0
CO03004,1,1,0,0,0,0,0
CO03901,2,1,1,0,0,0,0
CO06401,1,0,0,0,1,0,0
ILCPD00,12,18,0,0,1,0,0
IL00101,1,0,0,0,0,0,0
IL00606,1,0,0,0,0,0,0
IL00802,12,0,0,0,0,0,0
IL01000,2,0,0,0,0,0,0
IL01004,1,0,0,0,0,0,0
IL01104,5,0,0,0,0,0,0
IL01402,2,0,0,0,0,0,0
IL01610,12,0,0,0,0,0,0
IL01621,7,0,0,0,0,0,0
IL01646,1,0,0,0,0,0,0
IL01672,6,0,0,0,0,0,0
IL0169B,1,0,0,0,0,0,0
IL0169E,12,0,0,0,0,0,0
IL01693,10,0,0,0,0,0,0
IL01802,12,0,0,0,0,0,0
IL01903,3,0,0,0,0,0,0
IL01908,12,0,0,0,0,0,0
IL02216,4,0,0,0,0,0,0
IL02219,12,0,0,0,0,0,0
IL02300,2,0,0,0,0,0,0
IL02604,3,0,0,0,0,0,0
IL02802,12,0,0,0,0,0,0
IL03103,1,0,0,0,0,0,0
IL03206,10,0,0,0,0,0,0
IL03400,12,0,0,0,0,0,0
IL03801,1,0,0,0,0,0,0
IL04505,3,0,0,0,0,0,0
IL04702,1,0,0,0,0,0,0
IL04900,2,0,0,0,0,0,0
IL04912,1,0,0,0,0,0,0
IL04919,1,0,0,0,0,0,0
IL04926,1,0,0,0,0,0,0
IL05009,1,0,0,0,0,0,0
IL05013,7,0,0,0,0,0,0
IL05505,2,0,0,0,0,0,0
IL05601,6,0,0,0,0,0,0
IL05610,1,0,0,0,0,0,0
IL05625,12,0,0,0,0,0,0
IL05700,1,0,0,0,0,0,0
IL05706,12,0,0,0,0,0,0
IL05707,1,0,0,0,0,0,0
IL05711,3,0,0,0,0,0,0
IL05800,1,0,0,0,0,0,0
IL06007,3,0,0,0,0,0,0
IL06100,2,0,0,0,0,0,0
IL06105,12,0,0,0,0,0,0
IL06203,12,0,0,0,0,0,0
IL06502,4,0,0,0,0,0,0
IL07102,12,0,0,0,0,0,0
IL07103,3,0,0,0,0,0,0
IL07301,1,0,0,0,0,0,0
IL07500,12,0,0,0,0,0,0
IL08108,1,0,0,0,0,0,0
IL08202,3,0,0,0,0,0,0
IL08240,3,0,0,0,0,0,0
IL08300,1,0,0,0,0,0,0
IL08303,2,0,0,0,0,0,0
IL08413,2,0,0,0,0,0,0
IL09103,12,0,0,0,0,0,0
IL09909,1,0,0,0,0,0,0
IL09913,1,0,0,0,0,0,0
IL09917,1,0,0,0,0,0,0
IL10113,12,0,0,0,0,0,0
IL10118,3,0,0,0,0,0,0
IN02001,6,0,0,0,0,0,0
IN02201,8,0,0,0,0,0,0
IN07600,1,0,0,0,0,0,0
IN08001,1,0,0,0,0,0,0
IN09000,3,0,0,0,0,0,0
LANPD00,4,0,0,0,0,0,0
LA00103,1,0,0,0,0,0,0
LA00504,1,0,0,0,0,0,0
LA01704,6,0,0,0,0,0,0
LA02500,1,0,0,0,0,0,0
LA02504,1,0,0,0,0,0,0
LA02603,12,0,0,0,0,0,0
LA03106,1,0,0,0,0,0,0
LA03700,1,0,0,0,0,0,0
LA04010,1,0,0,0,0,0,0
LA04101,2,0,0,0,0,0,0
LA04400,1,0,0,0,0,0,0
LA05104,1,0,0,0,0,0,0
LA05300,1,0,0,0,0,0,0
LA05302,1,0,0,0,0,0,0
LA05500,1,0,0,0,0,0,0
LA05501,1,0,0,0,0,0,0
LA06400,1,0,0,0,0,0,0
MD01100,1,1,1,0,0,0,0
MD01401,4,3,2,0,0,0,0
MD01604,2,5,5,0,0,0,0
MA00911,1,0,0,0,1,1,0
MA01301,2,0,0,0,0,0,0
MA01304,1,0,0,0,1,0,0
MI33033,2,3,3,0,0,0,0
MN00200,3,2,1,0,0,0,0
MN00201,1,1,0,0,0,0,0
MN00202,2,1,1,0,0,0,0
MN00204,1,1,1,0,0,0,0
MN00205,2,5,5,0,0,0,0
MN00401,2,3,3,0,0,0,0
MN01000,5,3,2,0,0,0,0
MN01404,1,1,1,0,0,0,0
MN01702,1,1,1,0,0,0,0
MN01801,3,3,0,0,0,0,0
MN01903,1,7,6,0,0,0,0
MN01911,1,6,6,0,0,0,0
MN02300,1,1,0,0,0,0,0
MN02401,1,1,1,0,0,0,0
MN02601,1,1,1,0,0,0,0
MN02703,1,1,0,0,0,0,0
MN02708,1,1,0,0,0,0,0
MN02712,2,2,0,0,0,0,0
MN02717,3,3,4,0,0,0,0
MN02720,1,1,0,0,0,0,0
MN02721,1,1,0,0,0,0,0
MN02727,2,2,1,0,0,0,0
MN02729,1,1,0,0,0,0,0
MN05200,1,2,2,0,0,0,0
MN05501,9,13,12,0,0,0,0
MN06208,2,3,1,0,0,0,0
MN06209,6,14,0,0,0,0,0
MN06906,6,9,4,0,0,0,0
MN07300,1,1,0,0,0,0,0
MN07304,2,1,2,0,0,0,0
MN07306,7,10,11,0,0,0,0
MN07401,1,1,1,0,0,0,0
MN08202,1,1,0,0,0,0,0
MN08207,2,1,1,0,0,0,0
MN08211,1,7,7,0,0,0,0
MN08302,1,1,1,0,0,0,0
MN08502,1,1,1,0,0,0,0
MN08601,1,1,0,0,0,0,0
MSDI050,1,0,0,0,0,0,0
MS01703,0,0,0,0,0,0,0
MS04201,1,0,0,0,0,0,0
MS05301,12,0,0,0,0,0,0
MS05501,1,0,0,0,0,0,0
MS06100,1,0,0,0,0,0,0
MS06104,1,0,0,0,0,0,0
MOMHPAA,12,0,0,0,0,0,0
MOMHPBB,12,0,0,0,0,0,0
MOMHPCC,12,0,0,0,0,0,0
MOMHPDD,12,0,0,0,0,0,0
MOMHPEE,12,0,0,0,0,0,0
MOMHPFF,12,0,0,0,0,0,0
MOMHPGG,12,0,0,0,0,0,0
MOMHPHH,12,0,0,0,0,0,0
MOMHPII,12,0,0,0,0,0,0
MOMHP07,12,0,0,0,0,0,0
MO02420,12,0,0,0,0,0,0
MO02612,12,0,0,0,0,0,0
MO02613,12,0,0,0,0,0,0
MO02615,12,0,0,0,0,0,0
MO02616,12,0,0,0,0,0,0
MO02617,12,0,0,0,0,0,0
MO02621,12,0,0,0,0,0,0
MO02622,12,0,0,0,0,0,0
MO04800,12,0,0,0,0,0,0
MO04827,12,0,0,0,0,0,0
MO08320,12,0,0,0,0,0,0
MO08321,12,0,0,0,0,0,0
MO09401,1,0,0,0,0,0,0
MO09500,3,6,0,0,0,0,0
MO09541,1,1,0,0,0,0,0
NB08704,1,0,0,0,0,0,0
NVDI058,1,0,0,0,0,0,0
NVDI064,3,0,0,0,0,0,0
NVDI065,3,0,0,0,0,0,0
NV00100,12,0,0,0,0,0,0
NV00101,12,0,0,0,0,0,0
NV00201,12,204,44,1,2,0,0
NV00202,12,0,0,0,0,0,0
NV00203,12,0,0,0,0,0,0
NV00204,12,0,0,0,0,0,0
NV00209,12,0,0,0,0,0,0
NV00210,12,0,0,0,0,0,0
NV00215,12,0,0,0,0,0,0
NV00216,12,0,0,0,0,0,0
NV00218,12,0,0,0,0,0,0
NV00300,12,0,0,0,0,0,0
NV00400,12,0,0,0,0,0,0
NV00401,12,0,0,0,0,0,0
NV00402,12,0,0,0,0,0,0
NV00405,12,0,0,0,0,0,0
NV00500,12,0,0,0,0,0,0
NV00600,12,0,0,0,0,0,0
NV00700,12,0,0,0,0,0,0
NV00701,12,0,0,0,0,0,0
NV00702,12,0,0,0,0,0,0
NV00800,12,0,0,0,0,0,0
NV00900,12,0,0,0,0,0,0
NV01000,12,0,0,0,0,0,0
NV01001,12,0,0,0,0,0,0
NV01100,12,0,0,0,0,0,0
NV01200,12,0,0,0,0,0,0
NV01300,12,0,0,0,0,0,0
NV01311,12,0,0,0,0,0,0
NV01313,12,0,0,0,0,0,0
NV01399,12,0,0,0,0,0,0
NV01400,12,0,0,0,0,0,0
NV01401,12,0,0,0,0,0,0
NV01500,12,0,0,0,0,0,0
NV01600,12,0,0,0,0,0,0
NV01601,12,10,5,0,0,0,0
NV01602,12,0,0,0,0,0,0
NV01603,12,0,0,0,0,0,0
NV01610,12,0,0,0,0,0,0
NV01615,12,0,0,0,0,0,0
NV01616,12,0,0,0,0,0,0
NV01700,12,0,0,0,0,0,0
NYDI021,2,0,0,0,0,0,0
NYDI022,3,0,0,0,0,0,0
NC08702,1,0,0,0,0,0,0
OH00200,12,1,0,0,1,1,1
OH00201,12,0,0,0,0,0,0
OH00202,12,1,0,0,0,0,0
OH00402,4,0,0,0,0,0,0
OH00510,11,0,0,0,0,0,0
OH00901,12,0,0,0,0,0,0
OH00917,11,0,0,0,0,0,0
OH01815,12,0,0,0,0,0,0
OH01823,3,0,0,0,0,0,0
OH01832,7,0,0,0,0,0,0
OH01838,2,0,0,0,0,0,0
OH01839,3,0,0,0,0,0,0
OH01843,1,0,0,0,0,0,0
OH01845,1,0,0,0,0,0,0
OH01851,2,0,0,0,0,0,0
OH01852,4,0,0,0,0,0,0
OH01853,12,0,0,0,0,0,0
OH01854,8,0,0,0,0,0,0
OH01857,6,0,0,0,0,0,0
OH01859,7,0,0,0,0,0,0
OH01864,12,0,0,0,0,0,0
OH01901,12,0,0,0,0,0,0
OH02101,0,0,0,0,0,0,0
OH02801,9,0,0,0,0,0,0
OH02803,7,0,0,0,0,0,0
OH02806,12,0,0,0,0,0,0
OH02818,12,0,0,0,0,0,0
OH02904,8,0,0,0,0,0,0
OH03001,2,0,0,0,0,0,0
OH03102,1,0,0,0,0,0,0
OH03116,12,0,0,0,0,0,0
OH03122,12,0,0,0,0,0,0
OH04301,2,0,0,0,0,0,0
OH04308,3,0,0,0,0,0,0
OH04321,12,0,0,0,0,0,0
OH04324,1,0,0,0,0,0,0
OH04706,4,0,0,0,0,0,0
OH04710,1,0,0,0,0,0,0
OH04807,2,0,0,0,0,0,0
OH04818,3,0,0,0,0,0,0
OH05208,4,0,0,0,0,0,0
OH05212,12,0,0,0,0,0,0
OH05705,2,0,0,0,0,0,0
OH05713,4,2,2,0,0,0,0
OH05715,12,0,0,0,0,0,0
OH05716,1,0,0,0,0,0,0
OH06703,5,0,0,0,0,0,0
OH06713,11,0,0,0,0,0,0
OH06714,1,0,0,0,0,0,0
OH07202,1,0,0,0,0,0,0
OH07309,12,0,0,0,0,0,0
OH07601,12,0,0,0,0,0,0
OH07606,1,0,0,0,0,0,0
OH07609,3,0,0,0,0,0,0
OH07708,12,0,0,0,0,0,0
OH07719,3,0,0,0,0,0,0
OH07730,5,0,0,0,0,0,0
OH08303,12,0,0,0,0,0,0
OH08502,12,0,0,0,0,0,0
OKDI004,4,0,0,0,0,0,0
OKDI006,1,0,0,0,0,0,0
OKDI052,1,0,0,0,0,0,0
OKDI055,2,0,0,0,0,0,0
OKDI060,1,0,0,0,0,0,0
OKDI062,1,0,0,0,0,0,0
OKDI140,2,0,0,0,0,0,0
OKDI180,1,0,0,0,0,0,0
OK00701,12,0,0,0,0,0,0
OK00710,12,0,0,0,0,0,0
OK00800,12,0,0,0,0,0,0
OK00901,12,0,0,0,0,0,0
OK00905,12,0,0,0,0,0,0
OK01000,2,0,0,0,0,0,0
OK01001,12,0,0,0,0,0,0
OK01017,7,0,0,0,0,0,0
OK01112,1,0,0,0,0,0,0
OK01200,12,0,0,0,0,0,0
OK01400,12,0,0,0,0,0,0
OK01401,12,0,0,0,0,0,0
OK01402,6,0,0,0,0,0,0
OK01405,12,0,0,0,0,0,0
OK01601,12,0,0,0,1,1,0
OK01615,12,0,0,0,0,0,0
OK01801,6,0,0,0,0,0,0
OK02002,12,0,0,0,0,0,0
OK02107,12,0,0,0,0,0,0
OK02108,9,0,0,0,0,0,0
OK02401,12,0,0,0,0,0,0
OK02601,12,0,0,0,0,0,0
OK03600,12,0,0,0,0,0,0
OK03603,12,0,0,0,0,0,0
OK03618,1,0,0,0,0,0,0
OK04118,1,0,0,0,0,0,0
OK04502,12,0,0,0,0,0,0
OK04902,12,0,0,0,0,0,0
OK05100,12,0,0,0,0,0,0
OK05500,12,0,0,0,0,0,0
OK05501,12,0,0,0,0,0,0
OK05502,12,1,1,0,0,0,0
OK05503,12,0,0,0,0,0,0
OK05504,12,0,0,0,0,0,0
OK05506,12,8,6,0,0,0,0
OK05507,12,0,0,0,0,0,0
OK05508,12,1,0,0,0,0,0
OK05517,12,0,0,0,0,0,0
OK05602,12,0,0,0,0,0,0
OK05617,1,0,0,0,0,0,0
OK05800,12,0,0,0,0,0,0
OK05815,12,0,0,0,0,0,0
OK05900,12,0,0,0,0,0,0
OK05901,12,0,0,0,0,0,0
OK05902,8,0,0,0,0,0,0
OK05912,2,0,0,0,0,0,0
OK06010,12,0,0,0,0,0,0
OK06011,2,0,0,0,0,0,0
OK06200,12,0,0,0,0,0,0
OK06201,12,0,0,0,0,0,0
OK06300,12,0,0,0,0,0,0
OK06301,12,0,0,0,0,0,0
OK06322,1,0,0,0,0,0,0
OK06323,1,0,0,0,0,0,0
OK06600,12,0,0,0,0,0,0
OK06601,12,0,0,0,0,0,0
OK06603,12,0,0,0,0,0,0
OK06613,12,0,0,0,0,0,0
OK06702,12,0,0,0,0,0,0
OK07201,12,0,0,0,0,0,0
OK07203,12,0,0,0,0,0,0
OK07205,12,28,20,1,1,0,0
OK07207,12,0,0,0,0,0,0
OK07213,12,0,0,0,0,0,0
OK07301,6,0,0,0,0,0,0
OK07401,12,0,0,0,0,0,0
ORDI060,4,0,0,0,0,0,0
OR03012,6,0,0,0,0,0,0
RIDI003,2,0,0,0,0,0,0
RI00509,12,0,0,0,0,0,0
SC02300,6,10,2,0,0,0,0
SC02606,1,0,0,0,3,0,0
SC03211,1,2,0,0,0,0,0
SC04213,1,0,0,0,1,0,0
SD00801,3,0,0,0,0,0,0
TNMPD00,11,24,7,0,1,1,0
TN01901,2,2,1,0,0,0,0
TN02400,1,1,0,0,0,0,0
TN02900,1,0,0,0,1,0,0
TN02903,1,1,0,0,0,0,0
TN03301,2,1,0,0,1,0,0
TN04701,4,5,0,0,0,0,0
TN06301,1,1,0,0,0,0,0
TN07900,1,1,0,0,0,0,0
TN09401,1,1,1,0,0,0,0
TXDPD00,12,21,9,0,0,0,0
TXHPD00,12,6,5,0,42,37,0
TXSPD00,12,14,2,0,5,0,0
TX00100,12,0,0,0,0,0,0
TX00101,12,0,0,0,0,0,0
TX00103,12,0,0,0,0,0,0
TX00200,12,0,0,0,0,0,0
TX00201,12,0,0,0,0,0,0
TX00300,12,0,0,0,0,0,0
TX00301,12,0,0,0,0,0,0
TX00302,12,0,0,0,0,0,0
TX00304,12,0,0,0,0,0,0
TX00313,12,0,0,0,0,0,0
TX00400,12,0,0,0,0,0,0
TX00401,12,0,0,0,0,0,0
TX00402,12,0,0,0,0,0,0
TX00410,12,0,0,0,0,0,0
TX00500,12,0,0,0,0,0,0
TX00600,12,0,0,0,0,0,0
TX00700,12,0,0,0,0,0,0
TX00701,12,0,0,0,0,0,0
TX00702,12,0,0,0,0,0,0
TX00703,12,0,0,0,0,0,0
TX00704,12,0,0,0,0,0,0
TX00800,12,0,0,0,0,0,0
TX00801,12,0,0,0,0,0,0
TX00802,12,0,0,0,1,0,0
TX00807,12,0,0,0,0,0,0
TX00809,12,0,0,0,0,0,0
TX00900,12,0,0,0,0,0,0
TX00901,12,0,0,0,0,0,0
TX01000,12,0,0,0,0,0,0
TX01100,12,0,0,0,0,0,0
TX01101,12,0,0,0,0,0,0
TX01102,12,0,0,0,0,0,0
TX01103,12,0,0,0,0,0,0
TX01200,12,0,0,0,0,0,0
TX01201,12,0,0,0,0,0,0
TX01300,12,0,0,0,1,1,0
TX01301,12,0,0,0,0,0,0
TX01400,12,0,0,0,0,0,0
TX01402,12,0,0,0,0,0,0
TX01403,12,0,0,0,0,0,0
TX01404,12,2,0,0,0,0,0
TX01405,12,0,0,0,0,0,0
TX01409,12,0,0,0,0,0,0
TX01410,12,0,0,0,0,0,0
TX01415,12,0,0,0,0,0,0
TX01417,12,0,0,0,0,0,0
TX01418,12,0,0,0,0,0,0
TX01419,12,0,0,0,0,0,0
TX01423,12,0,0,0,0,0,0
TX01500,12,0,0,0,1,1,0
TX01501,12,0,0,0,0,0,0
TX01502,12,0,0,0,0,0,0
TX01503,12,0,0,0,0,0,0
TX01505,12,0,0,0,0,0,0
TX01507,12,0,0,0,0,0,0
TX01508,12,0,0,0,0,0,0
TX01509,12,0,0,0,0,0,0
TX01510,12,0,0,0,0,0,0
TX01511,12,0,0,0,0,0,0
TX01512,12,0,0,0,0,0,0
TX01513,12,0,0,0,0,0,0
TX01514,12,0,0,0,0,0,0
TX01515,12,0,0,0,0,0,0
TX01516,12,0,0,0,0,0,0
TX01517,12,0,0,0,0,0,0
TX01519,12,0,0,0,0,0,0
TX01520,12,0,0,0,0,0,0
TX01521,12,0,0,0,0,0,0
TX01522,12,0,0,0,0,0,0
TX01523,12,0,0,0,0,0,0
TX01530,12,0,0,0,0,0,0
TX01531,5,0,0,0,0,0,0
TX01534,12,0,0,0,0,0,0
TX01539,12,0,0,0,0,0,0
TX01570,12,0,0,0,0,0,0
TX01600,12,0,0,0,0,0,0
TX01601,12,0,0,0,0,0,0
TX01602,12,0,0,0,0,0,0
TX01700,12,0,0,0,0,0,0
TX01800,12,0,0,0,0,0,0
TX01801,12,0,0,0,0,0,0
TX01900,12,0,0,0,0,0,0
TX01901,12,0,0,0,0,0,0
TX01903,12,0,0,0,0,0,0
TX01904,12,0,0,0,0,0,0
TX01905,12,0,0,0,0,0,0
TX01906,12,0,0,0,0,0,0
TX01908,12,0,0,0,0,0,0
TX02000,12,0,0,0,0,0,0
TX02001,12,0,0,0,0,0,0
TX02002,12,0,0,0,0,0,0
TX02003,12,0,0,0,0,0,0
TX02004,12,0,0,0,0,0,0
TX02005,12,0,0,0,0,0,0
TX02008,12,0,0,0,0,0,0
TX02009,12,0,0,0,0,0,0
TX02011,11,0,0,0,0,0,0
TX02012,12,0,0,0,0,0,0
TX02014,12,0,0,0,0,0,0
TX02017,12,0,0,0,0,0,0
TX02018,12,0,0,0,0,0,0
TX02019,12,0,0,0,0,0,0
TX02027,12,0,0,0,0,0,0
TX02028,12,0,0,0,0,0,0
TX02029,12,0,0,0,0,0,0
TX02032,12,0,0,0,0,0,0
TX02033,12,0,0,0,0,0,0
TX02035,12,0,0,0,0,0,0
TX02100,12,0,0,0,0,0,0
TX02101,12,0,0,0,0,0,0
TX02102,12,0,0,0,0,0,0
TX02104,12,0,0,0,0,0,0
TX02201,12,0,0,0,0,0,0
TX02202,12,0,0,0,0,0,0
TX02300,12,0,0,0,0,0,0
TX02400,12,0,0,0,0,0,0
TX02401,12,0,0,0,0,0,0
TX02500,12,0,0,0,0,0,0
TX02501,12,0,0,0,0,0,0
TX02502,12,0,0,0,0,0,0
TX02503,12,0,0,0,0,0,0
TX02600,12,0,0,0,0,0,0
TX02601,12,0,0,0,0,0,0
TX02602,12,0,0,0,0,0,0
TX02700,12,0,0,0,0,0,0
TX02701,12,0,0,0,0,0,0
TX02706,12,0,0,0,0,0,0
TX02707,12,0,0,0,0,0,0
TX02711,12,0,0,0,0,0,0
TX02800,12,0,0,0,0,0,0
TX02801,12,0,0,0,0,0,0
TX02802,12,0,0,0,0,0,0
TX02809,12,0,0,0,0,0,0
TX02900,12,0,0,0,0,0,0
TX03000,12,0,0,0,0,0,0
TX03001,12,0,0,0,0,0,0
TX03003,12,0,0,0,0,0,0
TX03100,12,0,0,0,0,0,0
TX03101,12,0,0,0,0,0,0
TX03102,12,0,0,0,0,0,0
TX03103,12,0,0,0,0,0,0
TX03104,12,0,0,0,0,0,0
TX03105,12,0,0,0,0,0,0
TX03106,12,0,0,0,0,0,0
TX03107,12,0,0,0,0,0,0
TX03108,12,0,0,0,0,0,0
TX03109,12,0,0,0,0,0,0
TX03110,11,0,0,0,0,0,0
TX03112,10,0,0,0,0,0,0
TX03113,12,0,0,0,0,0,0
TX03114,12,0,0,0,0,0,0
TX03124,12,0,0,0,0,0,0
TX03125,12,0,0,0,0,0,0
TX03129,12,0,0,0,0,0,0
TX03132,12,0,0,0,0,0,0
TX03133,6,0,0,0,0,0,0
TX03134,8,0,0,0,0,0,0
TX03200,12,0,0,0,0,0,0
TX03201,12,0,0,0,0,0,0
TX03300,12,0,0,0,0,0,0
TX03301,12,0,0,0,0,0,0
TX03400,12,0,0,0,0,0,0
TX03401,12,0,0,0,0,0,0
TX03402,12,0,0,0,0,0,0
TX03403,12,0,0,0,0,0,0
TX03404,12,0,0,0,0,0,0
TX03500,12,0,0,0,0,0,0
TX03501,12,0,0,0,0,0,0
TX03600,12,0,0,0,0,0,0
TX03607,12,0,0,0,0,0,0
TX03610,12,0,0,0,0,0,0
TX03700,12,0,0,0,0,0,0
TX03701,12,0,0,0,0,0,0
TX03800,12,0,0,0,0,0,0
TX03900,12,0,0,0,0,0,0
TX04000,12,0,0,0,0,0,0
TX04100,12,0,0,0,0,0,0
TX04201,12,0,0,0,0,0,0
TX04202,12,0,0,0,0,0,0
TX04301,12,0,0,0,0,0,0
TX04302,12,0,0,0,0,0,0
TX04303,12,0,0,0,0,0,0
TX04307,12,0,0,0,0,0,0
TX04309,12,0,0,0,0,0,0
TX04317,12,0,0,0,0,0,0
TX04319,12,0,0,0,0,0,0
TX04320,12,0,0,0,0,0,0
TX04325,12,0,0,0,0,0,0
TX04326,12,0,0,0,0,0,0
TX04400,12,0,0,0,0,0,0
TX04500,12,0,0,0,0,0,0
TX04501,12,0,0,0,0,0,0
TX04502,12,0,0,0,0,0,0
TX04503,12,0,0,0,0,0,0
TX04600,12,0,0,0,0,0,0
TX04601,12,0,0,0,0,0,0
TX04607,12,0,0,0,0,0,0
TX04608,12,0,0,0,0,0,0
TX04700,12,0,0,0,0,0,0
TX04701,12,0,0,0,0,0,0
TX04702,12,0,0,0,0,0,0
TX04800,7,0,0,0,0,0,0
TX04901,12,0,0,0,0,0,0
TX04908,12,0,0,0,0,0,0
TX05000,12,0,0,0,0,0,0
TX05001,12,0,0,0,0,0,0
TX05002,12,0,0,0,0,0,0
TX05100,12,0,0,0,0,0,0
TX05101,12,0,0,0,0,0,0
TX05200,12,0,0,0,0,0,0
TX05201,12,0,0,0,0,0,0
TX05300,12,0,0,0,0,0,0
TX05400,12,0,0,0,0,0,0
TX05401,12,0,0,0,0,0,0
TX05403,12,0,0,0,0,0,0
TX05500,12,0,0,0,0,0,0
TX05600,12,0,0,0,0,0,0
TX05601,12,0,0,0,0,0,0
TX05700,12,0,0,0,0,0,0
TX05701,12,0,0,0,0,0,0
TX05702,12,0,0,0,0,0,0
TX05704,12,0,0,0,0,0,0
TX05705,12,0,0,0,0,0,0
TX05706,12,0,0,0,0,0,0
TX05707,12,0,0,0,0,0,0
TX05708,12,0,0,0,0,0,0
TX05709,12,0,0,0,0,0,0
TX05710,12,0,0,0,0,0,0
TX05711,12,1,0,0,0,0,0
TX05712,12,0,0,0,0,0,0
TX05714,12,0,0,0,0,0,0
TX05715,12,1,1,0,0,0,0
TX05718,12,2,2,0,0,0,0
TX05720,12,0,0,0,0,0,0
TX05722,12,0,0,0,0,0,0
TX05724,12,0,0,0,0,0,0
TX05725,12,0,0,0,0,0,0
TX05726,12,0,0,0,0,0,0
TX05728,12,0,0,0,0,0,0
TX05734,12,0,0,0,0,0,0
TX05735,12,0,0,0,0,0,0
TX05744,12,0,0,0,0,0,0
TX05745,12,0,0,0,0,0,0
TX05747,12,0,0,0,0,0,0
TX05750,12,0,0,0,0,0,0
TX05751,12,0,0,0,0,0,0
TX05752,12,0,0,0,0,0,0
TX05755,12,0,0,0,0,0,0
TX05768,12,0,0,0,0,0,0
TX05800,12,0,0,0,0,0,0
TX05801,12,1,1,0,0,0,0
TX05900,12,0,0,0,0,0,0
TX05901,12,0,0,0,0,0,0
TX06000,12,0,0,0,0,0,0
TX06100,12,0,0,0,0,0,0
TX06101,12,0,0,0,0,0,0
TX06105,12,0,0,0,0,0,0
TX06106,1,1,0,0,0,0,0
TX06107,12,0,0,0,0,0,0
TX06108,12,0,0,0,0,0,0
TX06110,12,0,0,0,0,0,0
TX06111,12,0,0,0,0,0,0
TX06113,12,0,0,0,0,0,0
TX06114,12,0,0,0,0,0,0
TX06115,12,0,0,0,0,0,0
TX06120,12,0,0,0,0,0,0
TX06123,12,0,0,0,0,0,0
TX06125,12,0,0,0,0,0,0
TX06128,12,0,0,0,0,0,0
TX06129,12,0,0,0,0,0,0
TX06131,12,2,0,0,0,0,0
TX06132,12,0,0,0,0,0,0
TX06135,12,0,0,0,0,0,0
TX06137,12,0,0,0,0,0,0
TX06139,12,0,0,0,0,0,0
TX06201,12,0,0,0,0,0,0
TX06203,12,0,0,0,0,0,0
TX06300,12,0,0,0,0,0,0
TX06301,12,0,0,0,0,0,0
TX06400,12,0,0,0,0,0,0
TX06500,12,0,0,0,0,0,0
TX06600,12,0,0,0,0,0,0
TX06602,12,0,0,0,1,1,0
TX06603,12,0,0,0,0,0,0
TX06700,12,0,0,0,0,0,0
TX06701,12,0,0,0,0,0,0
TX06702,12,0,0,0,0,0,0
TX06703,12,0,0,0,0,0,0
TX06704,12,0,0,0,0,0,0
TX06800,12,0,0,0,0,0,0
TX06802,12,0,0,0,0,0,0
TX06804,12,0,0,0,0,0,0
TX06808,12,0,0,0,0,0,0
TX06900,12,0,0,0,0,0,0
TX07000,12,0,0,0,0,0,0
TX07001,12,0,0,0,0,0,0
TX07002,12,0,0,0,0,0,0
TX07004,12,0,0,0,0,0,0
TX07005,12,0,0,0,0,0,0
TX07007,12,0,0,0,0,0,0
TX07008,12,0,0,0,0,0,0
TX07010,12,0,0,0,0,0,0
TX07100,12,0,0,0,0,0,0
TX07101,12,0,0,0,0,0,0
TX07102,12,0,0,0,2,1,0
TX07104,12,0,0,0,0,0,0
TX07111,12,0,0,0,0,0,0
TX07113,12,0,0,0,0,0,0
TX07114,12,0,0,0,0,0,0
TX07116,12,0,0,0,0,0,0
TX07122,12,0,0,0,0,0,0
TX07200,12,0,0,0,0,0,0
TX07201,12,0,0,0,0,0,0
TX07202,12,0,0,0,0,0,0
TX07204,12,0,0,0,0,0,0
TX07300,12,0,0,0,0,0,0
TX07302,12,0,0,0,0,0,0
TX07400,12,0,0,0,0,0,0
TX07401,12,0,0,0,0,0,0
TX07500,12,0,0,0,0,0,0
TX07501,12,0,0,0,0,0,0
TX07503,12,0,0,0,0,0,0
TX07508,12,0,0,0,0,0,0
TX07600,12,0,0,0,0,0,0
TX07700,12,1,1,0,0,0,0
TX07701,12,0,0,0,0,0,0
TX07800,7,0,0,0,0,0,0
TX07801,12,0,0,0,0,0,0
TX07900,12,0,0,0,0,0,0
TX07901,12,0,0,0,0,0,0
TX07902,12,0,0,0,0,0,0
TX07903,12,0,0,0,0,0,0
TX07904,12,0,0,0,0,0,0
TX07905,12,0,0,0,0,0,0
TX07907,12,0,0,0,0,0,0
TX07912,12,0,0,0,0,0,0
TX07913,12,0,0,0,0,0,0
TX07916,12,0,0,0,0,0,0
TX08000,12,0,0,0,0,0,0
TX08100,12,0,0,0,0,0,0
TX08101,12,0,0,0,0,0,0
TX08102,1,0,0,0,0,0,0
TX08103,12,0,0,0,0,0,0
TX08200,12,0,0,0,0,0,0
TX08201,12,0,0,0,0,0,0
TX08203,12,0,0,0,1,1,0
TX08300,12,0,0,0,0,0,0
TX08301,12,0,0,0,0,0,0
TX08302,12,0,0,0,0,0,0
TX08400,12,0,0,0,0,0,0
TX08402,12,0,0,0,0,0,0
TX08403,12,0,0,0,0,0,0
TX08404,12,0,0,0,0,0,0
TX08405,12,0,0,0,0,0,0
TX08406,12,0,0,0,0,0,0
TX08407,11,0,0,0,0,0,0
TX08408,12,0,0,0,0,0,0
TX08409,12,0,0,0,0,0,0
TX08410,12,0,0,0,0,0,0
TX08412,12,0,0,0,0,0,0
TX08419,12,0,0,0,0,0,0
TX08421,12,0,0,0,0,0,0
TX08422,12,0,0,0,0,0,0
TX08423,12,0,0,0,0,0,0
TX08428,12,0,0,0,0,0,0
TX08431,12,0,0,0,0,0,0
TX08500,12,0,0,0,0,0,0
TX08600,12,0,0,0,0,0,0
TX08601,12,0,0,0,0,0,0
TX08700,12,0,0,0,0,0,0
TX08900,12,0,0,0,0,0,0
TX08901,12,0,0,0,0,0,0
TX08902,12,0,0,0,0,0,0
TX09000,12,0,0,0,0,0,0
TX09002,12,0,0,0,0,0,0
TX09100,12,0,0,0,0,0,0
TX09101,12,0,0,0,0,0,0
TX09102,12,0,0,0,0,0,0
TX09103,12,0,0,0,0,0,0
TX09104,12,0,0,0,2,2,0
TX09105,12,0,0,0,0,0,0
TX09106,12,0,0,0,0,0,0
TX09107,12,0,0,0,0,0,0
TX09110,12,0,0,0,0,0,0
TX09118,12,0,0,0,0,0,0
TX09119,12,0,0,0,0,0,0
TX09121,12,0,0,0,0,0,0
TX09122,1,0,0,0,0,0,0
TX09200,12,0,0,0,0,0,0
TX09202,12,0,0,0,0,0,0
TX09204,12,0,0,0,0,0,0
TX09206,12,0,0,0,0,0,0
TX09300,12,0,0,0,0,0,0
TX09301,12,0,0,0,0,0,0
TX09400,12,0,0,0,0,0,0
TX09402,12,0,0,0,0,0,0
TX09403,12,0,0,0,0,0,0
TX09406,12,0,0,0,0,0,0
TX09500,12,0,0,0,0,0,0
TX09501,12,0,0,0,0,0,0
TX09504,12,0,0,0,0,0,0
TX09600,12,0,0,0,0,0,0
TX09601,12,0,0,0,0,0,0
TX09700,12,0,0,0,0,0,0
TX09701,12,0,0,0,0,0,0
TX09800,12,0,0,0,0,0,0
TX09802,12,0,0,0,0,0,0
TX09900,12,0,0,0,0,0,0
TX10000,12,0,0,0,0,0,0
TX10001,12,0,0,0,0,0,0
TX10002,12,0,0,0,0,0,0
TX10003,12,0,0,0,0,0,0
TX10100,12,9,1,0,9,0,0
TX10101,12,0,0,0,1,0,0
TX10102,12,0,0,0,0,0,0
TX10104,12,0,0,0,0,0,0
TX10106,12,0,0,0,0,0,0
TX10109,12,0,0,0,0,0,0
TX10111,12,0,0,0,0,0,0
TX10112,12,0,0,0,0,0,0
TX10113,12,2,0,0,0,0,0
TX10115,12,0,0,0,0,0,0
TX10117,12,0,0,0,0,0,0
TX10119,12,0,0,0,0,0,0
TX10120,11,0,0,0,0,0,0
TX10121,12,0,0,0,0,0,0
TX10124,12,0,0,0,0,0,0
TX10125,12,0,0,0,0,0,0
TX10126,12,0,0,0,0,0,0
TX10128,12,0,0,0,0,0,0
TX10129,12,0,0,0,0,0,0
TX10132,12,0,0,0,0,0,0
TX10133,12,0,0,0,0,0,0
TX10138,12,0,0,0,0,0,0
TX10139,12,0,0,0,0,0,0
TX10141,12,0,0,0,0,0,0
TX10142,12,0,0,0,0,0,0
TX10154,12,0,0,0,0,0,0
TX10157,12,0,0,0,0,0,0
TX10160,12,0,0,0,0,0,0
TX10161,12,0,0,0,0,0,0
TX10162,12,0,0,0,0,0,0
TX10166,12,0,0,0,0,0,0
TX10167,12,0,0,0,0,0,0
TX10169,12,0,0,0,0,0,0
TX10170,12,0,0,0,0,0,0
TX10171,12,0,0,0,0,0,0
TX10172,12,0,0,0,0,0,0
TX10173,12,0,0,0,0,0,0
TX10176,6,0,0,0,0,0,0
TX10178,12,0,0,0,0,0,0
TX10200,12,0,0,0,0,0,0
TX10201,12,0,0,0,0,0,0
TX10202,12,0,0,0,0,0,0
TX10213,12,0,0,0,0,0,0
TX10300,12,0,0,0,0,0,0
TX10400,12,0,0,0,0,0,0
TX10401,12,0,0,0,0,0,0
TX10500,12,0,0,0,0,0,0
TX10501,12,0,0,0,0,0,0
TX10503,12,0,0,0,0,0,0
TX10507,12,0,0,0,0,0,0
TX10512,12,0,0,0,0,0,0
TX10600,12,0,0,0,0,0,0
TX10700,12,0,0,0,0,0,0
TX10701,12,0,0,0,0,0,0
TX10702,12,0,0,0,0,0,0
TX10705,12,0,0,0,0,0,0
TX10707,12,0,0,0,0,0,0
TX10710,12,0,0,0,0,0,0
TX10800,12,0,0,0,0,0,0
TX10801,12,0,0,0,0,0,0
TX10802,12,0,0,0,0,0,0
TX10803,6,0,0,0,0,0,0
TX10804,12,0,0,0,0,0,0
TX10805,12,0,0,0,0,0,0
TX10806,12,0,0,0,0,0,0
TX10807,12,0,0,0,0,0,0
TX10808,12,0,0,0,0,0,0
TX10809,12,0,0,0,0,0,0
TX10810,12,0,0,0,0,0,0
TX10811,12,0,0,0,0,0,0
TX10813,12,0,0,0,0,0,0
TX10814,12,0,0,0,0,0,0
TX10815,3,0,0,0,0,0,0
TX10817,8,0,0,0,0,0,0
TX10822,12,0,0,0,0,0,0
TX10823,12,0,0,0,0,0,0
TX10825,12,0,0,0,0,0,0
TX10830,12,0,0,0,0,0,0
TX10832,12,0,0,0,0,0,0
TX10835,12,0,0,0,0,0,0
TX10900,12,0,0,0,0,0,0
TX10901,12,0,0,0,0,0,0
TX10902,12,0,0,0,0,0,0
TX10903,12,0,0,0,0,0,0
TX10906,12,0,0,0,0,0,0
TX11000,12,0,0,0,0,0,0
TX11001,12,0,0,0,0,0,0
TX11004,12,0,0,0,0,0,0
TX11100,12,0,0,0,0,0,0
TX11101,12,0,0,0,0,0,0
TX11200,12,0,0,0,0,0,0
TX11201,12,0,0,0,0,0,0
TX11202,12,0,0,0,0,0,0
TX11300,12,0,0,0,0,0,0
TX11301,12,0,0,0,0,0,0
TX11305,12,0,0,0,0,0,0
TX11400,12,0,0,0,0,0,0
TX11401,12,0,0,0,0,0,0
TX11500,12,0,0,0,0,0,0
TX11600,12,0,0,0,0,0,0
TX11602,12,0,0,0,0,0,0
TX11603,12,0,0,0,0,0,0
TX11607,12,0,0,0,0,0,0
TX11613,12,0,0,0,0,0,0
TX11700,12,0,0,0,0,0,0
TX11701,12,0,0,0,0,0,0
TX11800,12,0,0,0,0,0,0
TX11900,12,0,0,0,0,0,0
TX11901,12,0,0,0,0,0,0
TX12002,12,0,0,0,0,0,0
TX12100,12,0,0,0,0,0,0
TX12101,12,0,0,0,0,0,0
TX12102,12,0,0,0,0,0,0
TX12200,12,0,0,0,0,0,0
TX12300,12,0,0,0,0,0,0
TX12301,12,0,0,0,0,0,0
TX12303,12,0,0,0,0,0,0
TX12305,12,0,0,0,0,0,0
TX12307,12,0,0,0,0,0,0
TX12308,12,0,0,0,0,0,0
TX12310,12,0,0,0,0,0,0
TX12400,12,0,0,0,0,0,0
TX12500,12,5,0,0,0,0,0
TX12501,11,0,0,0,0,0,0
TX12502,12,0,0,0,0,0,0
TX12508,12,0,0,0,0,0,0
TX12600,12,0,0,0,0,0,0
TX12601,12,0,0,0,0,0,0
TX12602,12,0,0,0,0,0,0
TX12605,12,0,0,0,0,0,0
TX12606,12,0,0,0,0,0,0
TX12612,12,0,0,0,0,0,0
TX12613,12,0,0,0,0,0,0
TX12700,12,0,0,0,0,0,0
TX12701,12,0,0,0,0,0,0
TX12702,12,0,0,0,0,0,0
TX12704,12,0,0,0,0,0,0
TX12705,12,0,0,0,0,0,0
TX12800,12,0,0,0,0,0,0
TX12801,12,0,0,0,0,0,0
TX12802,12,0,0,0,0,0,0
TX12902,12,0,0,0,0,0,0
TX12909,12,0,0,0,0,0,0
TX13000,12,0,0,0,0,0,0
TX13001,12,0,0,0,0,0,0
TX13100,12,0,0,0,0,0,0
TX13200,12,0,0,0,0,0,0
TX13300,12,0,0,0,0,0,0
TX13301,12,0,0,0,0,0,0
TX13305,12,0,0,0,0,0,0
TX13400,12,0,0,0,1,0,0
TX13401,12,0,0,0,0,0,0
TX13500,12,0,0,0,0,0,0
TX13600,12,0,0,0,0,0,0
TX13700,12,0,0,0,0,0,0
TX13701,12,0,0,0,0,0,0
TX13703,12,0,0,0,0,0,0
TX13800,12,0,0,0,0,0,0
TX13802,12,0,0,0,0,0,0
TX13803,12,0,0,0,0,0,0
TX13900,12,0,0,0,0,0,0
TX13902,12,0,0,0,0,0,0
TX13904,12,0,0,0,0,0,0
TX13910,12,0,0,0,0,0,0
TX14000,12,0,0,0,0,0,0
TX14003,12,0,0,0,0,0,0
TX14004,12,0,0,0,0,0,0
TX14100,12,0,0,0,0,0,0
TX14101,12,0,0,0,0,0,0
TX14200,12,0,0,0,0,0,0
TX14301,12,0,0,0,0,0,0
TX14303,12,0,0,0,0,0,0
TX14310,12,0,0,0,0,0,0
TX14400,12,0,0,0,0,0,0
TX14401,12,0,0,0,0,0,0
TX14402,12,0,0,0,0,0,0
TX14500,12,0,0,0,0,0,0
TX14509,5,0,0,0,0,0,0
TX14600,12,0,0,0,0,0,0
TX14601,12,0,0,0,0,0,0
TX14603,12,0,0,0,0,0,0
TX14604,12,0,0,0,0,0,0
TX14700,12,0,0,0,0,0,0
TX14702,12,0,0,0,0,0,0
TX14703,12,0,0,0,0,0,0
TX14711,12,0,0,0,0,0,0
TX14800,12,0,0,0,0,0,0
TX14900,12,0,0,0,0,0,0
TX14901,12,0,0,0,0,0,0
TX15000,12,0,0,0,0,0,0
TX15005,12,0,0,0,0,0,0
TX15100,12,0,0,0,0,0,0
TX15201,12,0,0,0,0,0,0
TX15202,12,0,0,0,0,0,0
TX15203,12,0,0,0,0,0,0
TX15204,12,0,0,0,0,0,0
TX15206,12,0,0,0,0,0,0
TX15208,12,0,0,0,0,0,0
TX15300,12,0,0,0,0,0,0
TX15302,12,0,0,0,0,0,0
TX15305,2,0,0,0,0,0,0
TX15400,12,0,0,0,0,0,0
TX15401,12,0,0,0,0,0,0
TX15501,12,0,0,0,0,0,0
TX15502,12,0,0,0,0,0,0
TX15504,12,0,0,0,0,0,0
TX15505,12,0,0,0,0,0,0
TX15506,12,0,0,0,0,0,0
TX15507,12,0,0,0,0,0,0
TX15511,12,0,0,0,0,0,0
TX15512,12,3,0,0,2,0,0
TX15513,12,0,0,0,0,0,0
TX15514,12,0,0,0,0,0,0
TX15516,12,0,0,0,0,0,0
TX15517,12,0,0,0,0,0,0
TX15518,12,0,0,0,0,0,0
TX15525,12,0,0,0,0,0,0
TX15600,12,0,0,0,0,0,0
TX15700,12,0,0,0,0,0,0
TX15701,12,0,0,0,0,0,0
TX15800,12,0,0,0,0,0,0
TX15801,12,0,0,0,0,0,0
TX15900,12,0,0,0,0,0,0
TX15901,12,0,0,0,0,0,0
TX16000,12,0,0,0,0,0,0
TX16100,12,0,0,0,0,0,0
TX16101,12,0,0,0,0,0,0
TX16102,12,0,0,0,0,0,0
TX16109,12,0,0,0,0,0,0
TX16200,12,0,0,0,0,0,0
TX16201,12,0,0,0,1,2,0
TX16300,12,0,0,0,0,0,0
TX16301,12,0,0,0,0,0,0
TX16302,12,0,0,0,0,0,0
TX16303,12,0,0,0,0,0,0
TX16400,12,0,0,0,0,0,0
TX16500,12,0,0,0,0,0,0
TX16501,12,0,0,0,0,0,0
TX16503,12,0,0,0,0,0,0
TX16600,12,0,0,0,0,0,0
TX16601,12,0,0,0,0,0,0
TX16602,12,0,0,0,0,0,0
TX16603,12,0,0,0,0,0,0
TX16700,12,0,0,0,0,0,0
TX16800,12,0,0,0,0,0,0
TX16801,6,0,0,0,0,0,0
TX16900,12,0,0,0,0,0,0
TX16901,12,0,0,0,0,0,0
TX16902,12,0,0,0,0,0,0
TX17000,12,0,0,0,0,0,0
TX17003,12,0,0,0,0,0,0
TX17007,12,0,0,0,0,0,0
TX17008,12,0,0,0,0,0,0
TX17010,12,0,0,0,0,0,0
TX17012,12,0,0,0,0,0,0
TX17014,12,0,0,0,0,0,0
TX17015,9,0,0,0,0,0,0
TX17016,12,0,0,0,0,0,0
TX17017,12,0,0,0,0,0,0
TX17018,12,0,0,0,0,0,0
TX17020,12,0,0,0,0,0,0
TX17100,12,0,0,0,0,0,0
TX17101,12,0,0,0,0,0,0
TX17104,12,0,0,0,0,0,0
TX17200,12,0,0,0,0,0,0
TX17201,12,0,0,0,0,0,0
TX17202,12,0,0,0,0,0,0
TX17203,12,0,0,0,0,0,0
TX17205,12,0,0,0,0,0,0
TX17300,12,0,0,0,0,0,0
TX17404,12,0,0,0,0,0,0
TX17500,12,0,0,0,0,0,0
TX17501,12,0,0,0,0,0,0
TX17600,12,2,2,0,0,0,0
TX17700,12,0,0,0,0,0,0
TX17703,12,0,0,0,0,0,0
TX17704,12,0,0,0,0,0,0
TX17800,12,0,0,0,0,0,0
TX17801,12,0,0,0,0,0,0
TX17802,12,0,0,0,2,0,0
TX17803,12,0,0,0,0,0,0
TX17805,12,0,0,0,0,0,0
TX17815,12,0,0,0,0,0,0
TX17817,12,0,0,0,4,4,0
TX17900,12,0,0,0,0,0,0
TX17901,12,0,0,0,0,0,0
TX18000,12,0,0,0,0,0,0
TX18100,12,0,0,0,0,0,0
TX18101,12,0,0,0,0,0,0
TX18102,12,0,0,0,0,0,0
TX18103,12,0,0,0,0,0,0
TX18104,12,0,0,0,0,0,0
TX18105,12,0,0,0,0,0,0
TX18200,12,0,0,0,0,0,0
TX18202,12,0,0,0,0,0,0
TX18300,12,0,0,0,0,0,0
TX18301,12,0,0,0,0,0,0
TX18401,12,0,0,0,0,0,0
TX18403,12,0,0,0,0,0,0
TX18405,12,0,0,0,0,0,0
TX18500,12,0,0,0,0,0,0
TX18501,12,0,0,0,0,0,0
TX18502,12,0,0,0,0,0,0
TX18503,12,0,0,0,0,0,0
TX18600,12,0,0,0,0,0,0
TX18601,12,0,0,0,0,0,0
TX18702,11,0,0,0,0,0,0
TX18704,12,0,0,0,0,0,0
TX18708,12,0,0,0,0,0,0
TX18800,12,0,0,0,0,0,0
TX18801,1,1,0,0,0,0,0
TX18802,12,0,0,0,0,0,0
TX18806,12,0,0,0,0,0,0
TX18900,12,0,0,0,0,0,0
TX18906,12,0,0,0,0,0,0
TX19000,12,0,0,0,0,0,0
TX19100,12,0,0,0,0,0,0
TX19101,12,0,0,0,0,0,0
TX19103,12,0,0,0,0,0,0
TX19200,12,0,0,0,0,0,0
TX19300,12,0,0,0,0,0,0
TX19400,12,0,0,0,0,0,0
TX19401,11,0,0,0,0,0,0
TX19403,12,0,0,0,0,0,0
TX19500,12,0,0,0,0,0,0
TX19502,12,0,0,0,0,0,0
TX19600,12,0,0,0,0,0,0
TX19601,12,0,0,0,0,0,0
TX19700,12,0,0,0,0,0,0
TX19800,12,0,0,0,0,0,0
TX19801,12,0,0,0,0,0,0
TX19802,12,0,0,0,0,0,0
TX19803,12,0,0,0,0,0,0
TX20000,12,0,0,0,0,0,0
TX20001,12,0,0,0,0,0,0
TX20003,12,0,0,0,0,0,0
TX20103,12,0,0,0,0,0,0
TX20111,12,0,0,0,0,0,0
TX20200,12,0,0,0,0,0,0
TX20201,12,0,0,0,0,0,0
TX20300,1,0,0,0,0,0,0
TX20301,12,0,0,0,0,0,0
TX20400,12,0,0,0,0,0,0
TX20500,12,0,0,0,0,0,0
TX20501,12,0,0,0,0,0,0
TX20503,12,0,0,0,0,0,0
TX20504,12,0,0,0,0,0,0
TX20505,12,0,0,0,0,0,0
TX20508,12,0,0,0,0,0,0
TX20516,12,0,0,0,0,0,0
TX20517,6,0,0,0,0,0,0
TX20600,12,0,0,0,0,0,0
TX20700,12,0,0,0,0,0,0
TX20800,12,0,0,0,0,0,0
TX20801,12,0,0,0,0,0,0
TX20900,12,0,0,0,0,0,0
TX21000,12,0,0,0,0,0,0
TX21001,12,0,0,0,0,0,0
TX21100,12,0,0,0,0,0,0
TX21101,12,0,0,0,0,0,0
TX21200,12,0,0,0,0,0,0
TX21201,12,0,0,0,0,0,0
TX21205,12,0,0,0,0,0,0
TX21209,12,0,0,0,0,0,0
TX21210,12,0,0,0,0,0,0
TX21215,12,0,0,0,0,0,0
TX21300,12,0,0,0,0,0,0
TX21400,12,0,0,0,0,0,0
TX21401,12,0,0,0,0,0,0
TX21402,12,0,0,0,0,0,0
TX21403,12,0,0,0,0,0,0
TX21410,12,0,0,0,0,0,0
TX21500,12,0,0,0,0,0,0
TX21501,12,0,0,0,0,0,0
TX21600,12,0,0,0,0,0,0
TX21700,12,0,0,0,0,0,0
TX21800,12,0,0,0,0,0,0
TX21801,12,0,0,0,0,0,0
TX21900,12,0,0,0,0,0,0
TX21901,6,0,0,0,0,0,0
TX21902,12,0,0,0,0,0,0
TX21903,12,0,0,0,0,0,0
TX22000,12,0,0,0,0,0,0
TX22001,12,2,0,0,0,0,0
TX22002,12,0,0,0,0,0,0
TX22004,12,0,0,0,0,0,0
TX22005,12,0,0,0,0,0,0
TX22006,12,0,0,0,0,0,0
TX22007,12,0,0,0,0,0,0
TX22009,12,0,0,0,0,0,0
TX22010,12,0,0,0,0,0,0
TX22011,12,2,2,0,0,0,0
TX22012,5,3,0,0,3,0,0
TX22013,12,0,0,0,0,0,0
TX22014,12,0,0,0,0,0,0
TX22016,12,0,0,0,1,0,0
TX22017,12,0,0,0,0,0,0
TX22018,12,0,0,0,0,0,0
TX22019,12,0,0,0,0,0,0
TX22020,12,0,0,0,0,0,0
TX22021,12,0,0,0,0,0,0
TX22022,12,0,0,0,0,0,0
TX22023,12,0,0,0,0,0,0
TX22024,12,0,0,0,0,0,0
TX22025,12,0,0,0,0,0,0
TX22026,12,1,0,0,0,0,0
TX22027,12,0,0,0,0,0,0
TX22028,12,0,0,0,0,0,0
TX22029,12,0,0,0,1,0,0
TX22030,12,0,0,0,0,0,0
TX22031,12,0,0,0,0,0,0
TX22032,12,0,0,0,0,0,0
TX22033,12,0,0,0,0,0,0
TX22037,12,0,0,0,0,0,0
TX22040,12,0,0,0,0,0,0
TX22048,12,0,0,0,0,0,0
TX22049,12,0,0,0,0,0,0
TX22050,12,0,0,0,0,0,0
TX22100,12,0,0,0,0,0,0
TX22101,12,0,0,0,0,0,0
TX22103,12,0,0,0,0,0,0
TX22108,12,0,0,0,0,0,0
TX22110,12,0,0,0,0,0,0
TX22111,12,0,0,0,0,0,0
TX22200,12,0,0,0,0,0,0
TX22300,12,0,0,0,0,0,0
TX22301,12,0,0,0,0,0,0
TX22400,12,0,0,0,0,0,0
TX22500,12,0,0,0,0,0,0
TX22501,12,0,0,0,0,0,0
TX22600,12,0,0,0,0,0,0
TX22603,12,0,0,0,0,0,0
TX22700,12,0,0,0,0,0,0
TX22701,12,14,4,0,95,20,0
TX22702,12,0,0,0,0,0,0
TX22703,12,0,0,0,0,0,0
TX22704,12,0,0,0,0,0,0
TX22705,12,0,0,0,0,0,0
TX22709,12,0,0,0,0,0,0
TX22719,12,0,0,0,0,0,0
TX22721,12,0,0,0,0,0,0
TX22722,12,0,0,0,0,0,0
TX22723,12,0,0,0,0,0,0
TX22724,12,0,0,0,0,0,0
TX22738,12,0,0,0,0,0,0
TX22800,12,0,0,0,0,0,0
TX22900,12,0,0,0,0,0,0
TX22901,12,0,0,0,0,0,0
TX23000,12,0,0,0,0,0,0
TX23001,12,0,0,0,0,0,0
TX23002,12,0,0,0,0,0,0
TX23009,12,0,0,0,0,0,0
TX23100,12,0,0,0,0,0,0
TX23200,12,0,0,0,0,0,0
TX23201,12,0,0,0,0,0,0
TX23202,12,0,0,0,0,0,0
TX23300,12,0,0,0,0,0,0
TX23301,12,0,0,0,0,0,0
TX23400,12,0,0,0,0,0,0
TX23401,12,0,0,0,0,0,0
TX23403,12,0,0,0,0,0,0
TX23404,12,0,0,0,0,0,0
TX23405,12,0,0,0,0,0,0
TX23600,12,0,0,0,0,0,0
TX23601,12,0,0,0,0,0,0
TX23700,12,0,0,0,0,0,0
TX23701,12,0,0,0,0,0,0
TX23702,12,0,0,0,0,0,0
TX23707,12,0,0,0,0,0,0
TX23708,12,0,0,0,0,0,0
TX23800,12,0,0,0,0,0,0
TX23801,12,0,0,0,0,0,0
TX23900,12,0,0,0,0,0,0
TX23901,12,0,0,0,0,0,0
TX24000,12,0,0,0,0,0,0
TX24001,12,1,0,0,0,0,0
TX24005,12,0,0,0,0,0,0
TX24006,12,0,0,0,0,0,0
TX24007,12,0,0,0,0,0,0
TX24010,6,0,0,0,0,0,0
TX24101,12,0,0,0,0,0,0
TX24102,12,0,0,0,0,0,0
TX24200,12,0,0,0,0,0,0
TX24201,12,0,0,0,0,0,0
TX24300,12,0,0,0,0,0,0
TX24301,12,0,0,0,0,0,0
TX24302,12,0,0,0,0,0,0
TX24305,12,0,0,0,1,0,0
TX24307,12,0,0,0,0,0,0
TX24400,12,0,0,0,0,0,0
TX24401,12,0,0,0,0,0,0
TX24500,12,0,0,0,9,0,0
TX24501,12,0,0,0,0,0,0
TX24502,12,0,0,0,0,0,0
TX24508,12,0,0,0,0,0,0
TX24509,12,0,0,0,0,0,0
TX24600,12,0,0,0,0,0,0
TX24601,12,0,0,0,0,0,0
TX24603,12,0,0,0,0,0,0
TX24604,12,0,0,0,0,0,0
TX24605,12,1,0,0,0,0,0
TX24606,12,0,0,0,0,0,0
TX24608,12,0,0,0,0,0,0
TX24609,12,0,0,0,0,0,0
TX24617,12,0,0,0,0,0,0
TX24618,12,0,0,0,0,0,0
TX24625,12,0,0,0,0,0,0
TX24700,12,0,0,0,0,0,0
TX24701,12,0,0,0,0,0,0
TX24702,12,0,0,0,0,0,0
TX24707,12,0,0,0,0,0,0
TX24708,12,0,0,0,0,0,0
TX24800,12,0,0,0,0,0,0
TX24801,12,0,0,0,0,0,0
TX24802,12,0,0,0,0,0,0
TX24900,12,0,0,0,0,0,0
TX24901,12,0,0,0,0,0,0
TX24902,12,0,0,0,0,0,0
TX24908,12,0,0,0,0,0,0
TX24909,12,0,0,0,0,0,0
TX25000,12,0,0,0,0,0,0
TX25002,12,0,0,0,0,0,0
TX25003,12,0,0,0,0,0,0
TX25004,12,0,0,0,0,0,0
TX25005,12,0,0,0,0,0,0
TX25100,12,0,0,0,0,0,0
TX25101,12,0,0,0,0,0,0
TX25200,12,0,0,0,0,0,0
TX25201,12,0,0,0,0,0,0
TX25202,12,0,0,0,0,0,0
TX25300,12,0,0,0,0,0,0
TX25400,12,0,0,0,0,0,0
TX25401,12,0,0,0,0,0,0
UT00100,6,0,0,0,0,0,0
UT00200,8,0,0,0,0,0,0
UT00201,11,0,0,0,0,0,0
UT00202,6,0,0,0,0,0,0
UT00205,7,0,0,0,0,0,0
UT00208,6,0,0,0,0,0,0
UT00212,5,0,0,0,0,0,0
UT00300,10,0,0,0,0,0,0
UT00310,10,0,0,0,0,0,0
UT00314,3,0,0,0,0,0,0
UT00409,6,0,0,0,0,0,0
UT00413,9,0,0,0,0,0,0
UT00603,10,0,0,0,0,0,0
UT01000,5,0,0,0,0,0,0
UT01100,9,0,0,0,0,0,0
UT01101,10,0,0,0,0,0,0
UT01103,8,0,0,0,0,0,0
UT01106,12,0,0,0,0,0,0
UT01108,7,0,0,0,0,0,0
UT01200,5,0,0,0,0,0,0
UT01201,7,0,0,0,0,0,0
UT01305,9,0,0,0,0,0,0
UT01600,11,0,0,0,0,0,0
UT01700,4,0,0,0,0,0,0
UT01807,6,0,0,0,0,0,0
UT01828,6,0,0,0,0,0,0
UT01842,8,0,0,0,0,0,0
UT01900,11,0,0,0,0,0,0
UT01901,6,0,0,0,0,0,0
UT01902,6,0,0,0,0,0,0
UT02000,9,0,0,0,0,0,0
UT02001,12,0,0,0,0,0,0
UT02002,11,0,0,0,0,0,0
UT02003,8,0,0,0,0,0,0
UT02004,12,0,0,0,0,0,0
UT02008,12,0,0,0,0,0,0
UT02009,12,0,0,0,0,0,0
UT02012,12,0,0,0,0,0,0
UT02013,7,0,0,0,0,0,0
UT02100,8,0,0,0,0,0,0
UT02101,3,0,0,0,0,0,0
UT02107,4,0,0,0,0,0,0
UT02200,7,0,0,0,0,0,0
UT02203,11,0,0,0,0,0,0
UT02205,10,0,0,0,0,0,0
UT02305,12,0,0,0,0,0,0
UT02501,9,0,0,0,0,0,0
UT02502,11,0,0,0,0,0,0
UT02503,6,0,0,0,0,0,0
UT02504,12,0,0,0,0,0,0
UT02508,4,0,0,0,0,0,0
UT02509,9,0,0,0,0,0,0
UT02510,7,0,0,0,0,0,0
UT02511,11,0,0,0,0,0,0
UT02514,8,0,0,0,0,0,0
UT02519,8,0,0,0,0,0,0
UT02520,6,0,0,0,0,0,0
UT02521,12,0,0,0,0,0,0
UT02601,10,0,0,0,0,0,0
UT02700,2,0,0,0,0,0,0
UT02707,10,0,0,0,0,0,0
UT02709,7,0,0,0,0,0,0
UT02907,9,0,0,0,0,0,0
UT02908,8,0,0,0,0,0,0
UT02911,4,0,0,0,0,0,0
WADI008,5,0,0,0,0,0,0
WADI009,4,0,0,0,0,0,0
WADI012,4,0,0,0,0,0,0
WADI013,1,0,0,0,0,0,0
WADI051,3,0,0,0,0,0,0
WADI054,1,0,0,0,0,0,0
WADI056,3,0,0,0,0,0,0
WADI057,3,0,0,0,0,0,0
WADI058,1,0,0,0,0,0,0
WADI061,3,0,0,0,0,0,0
WADI063,11,0,0,0,0,0,0
WADI065,1,0,0,0,0,0,0
WADI067,3,0,0,0,0,0,0
WADI083,1,0,0,0,0,0,0
WA00300,1,1,0,0,0,0,0
WA00301,1,1,0,0,0,0,0
WA00505,6,0,0,0,0,0,0
WA00509,2,0,0,0,0,0,0
WA01707,4,10,1,0,0,0,0
WA01713,1,1,0,0,0,0,0
WA03200,1,0,0,0,0,0,0
WIMPD00,2,3,1,0,0,0,0
WI04501,1,1,0,0,0,0,0
WY00100,12,0,0,0,0,0,0
WY00101,12,0,0,0,0,0,0
WY00102,12,0,0,0,0,0,0
WY00200,12,0,0,0,0,0,0
WY00202,4,0,0,0,0,0,0
WY00203,12,0,0,0,0,0,0
WY00300,12,0,0,0,0,0,0
WY00301,12,0,0,0,0,0,0
WY00400,12,0,0,0,0,0,0
WY00401,12,0,0,0,0,0,0
WY00402,12,0,0,0,0,0,0
WY00405,12,0,0,0,0,0,0
WY00500,12,0,0,0,0,0,0
WY00501,12,0,0,0,0,0,0
WY00502,12,0,0,0,0,0,0
WY00600,12,0,0,0,0,0,0
WY00601,12,0,0,0,0,0,0
WY00603,12,0,0,0,0,0,0
WY00700,12,0,0,0,0,0,0
WY00701,12,0,0,0,0,0,0
WY00702,12,0,0,0,0,0,0
WY00800,12,0,0,0,0,0,0
WY00801,12,0,0,0,0,0,0
WY00900,12,0,0,0,0,0,0
WY00901,11,0,0,0,0,0,0
WY01000,11,0,0,0,0,0,0
WY01001,12,0,0,0,0,0,0
WY01100,12,0,0,0,0,0,0
WY01101,12,0,0,0,1,0,0
WY01102,12,0,0,0,0,0,0
WY01200,12,0,0,0,0,0,0
WY01201,12,0,0,0,0,0,0
WY01202,11,0,0,0,0,0,0
WY01203,11,0,0,0,0,0,0
WY01300,12,0,0,0,0,0,0
WY01301,12,0,0,0,0,0,0
WY01302,11,0,0,0,0,0,0
WY01304,12,0,0,0,0,0,0
WY01500,12,0,0,0,0,0,0
WY01501,12,0,0,0,0,0,0
WY01502,12,0,0,0,0,0,0
WY01600,11,0,0,0,0,0,0
WY01601,12,0,0,0,0,0,0
WY01700,12,0,0,0,0,0,0
WY01701,12,0,0,0,0,0,0
WY01704,12,0,0,0,0,0,0
WY01800,12,0,0,0,0,0,0
WY01900,12,0,0,0,0,0,0
WY01901,12,0,0,0,0,0,0
WY01902,12,0,0,0,0,0,0
WY02001,12,0,0,0,0,0,0
WY02100,12,0,0,0,0,0,0
WY02101,12,0,0,0,0,0,0
WY02200,12,0,0,0,0,0,0
WY02201,10,0,0,0,0,0,0
WY02300,11,0,0,0,0,0,0
WY02301,12,0,0,0,0,0,0
HI00100,6,0,0,0,0,0,0
HI00200,3,2,0,0,0,0,0
HI00400,6,0,0,0,0,0,0
VI00100,3,0,0,0,0,0,0
